번호,개방서비스명,개방서비스아이디,개방자치단체코드,관리번호,인허가일자,인허가취소일자,영업상태구분코드,영업상태명,상세영업상태코드,상세영업상태명,폐업일자,휴업시작일자,휴업종료일자,재개업일자,소재지전화,소재지면적,소재지우편번호,소재지전체주소,도로명전체주소,도로명우편번호,사업장명,최종수정시점,데이터갱신구분,데이터갱신일자,업태구분명,좌표정보(x),좌표정보(y),문화체육업종명,문화사업자구분명,지역구분명,총층수,주변환경명,제작취급품목내용,보험기관명,건물용도명,지상층수,지하층수,객실수,건축연면적,영문상호명,영문상호주소,선박총톤수,선박척수,선박제원,무대면적,좌석수,기념품종류,회의실별동시수용인원,시설면적,놀이기구수내역,놀이시설수,방송시설유무,발전시설유무,의무실유무,안내소유무,기획여행보험시작일자,기획여행보험종료일자,자본금,보험시작일자,보험종료일자,부대시설내역,시설규모
1,관광식당,07_24_01_P,5070000,CDFI3261042016000001,20161212,,1,영업/정상,13,영업중,,,,,054-821-1056,,,경상북도 안동시 상아동 513-1번지,경상북도 안동시 석주로 203 (상아동),36611,까치구멍집,2.01612E+13,I,2018-08-31 23:59,,357293.1614,343278.6397,관광식당업,,,,,,경북관광협회 지정 제라-13-72호,,,,,,,,,,,,,,,,,,,,,,,,,,,,
2,관광식당,07_24_01_P,4180000,CDFI3261042005000002,20051012,,1,영업/정상,13,영업중,,,,,243-3001,,200931,강원도 춘천시 근화동 710-37번지,강원도 춘천시 공지로 426  (근화동),,북경관,2.01002E+13,I,2018-08-31 23:59,,263306.9046,485915.433,관광식당업,관광사업,,,,,,,,,,,,,,,,,,,,147.9,,,,,,,,,,,,,148
3,관광식당,07_24_01_P,4180000,CDFI3261042007000001,20070309,,1,영업/정상,13,영업중,,,,,256-4282,,200852,강원도 춘천시 동면 만천리 329-13번지,강원도 춘천시 동면 순환대로 1154-42,,라이라이,2.01002E+13,I,2018-08-31 23:59,,268301.8747,487416.1467,관광식당업,관광사업,,,,,,,,,,,,,,,,,,,,131.03,,,,,,,,,,,,,131
4,관광식당,07_24_01_P,4180000,CDFI3261042002000002,20021227,,1,영업/정상,13,영업중,,,,,241-5453,,200943,강원도 춘천시 퇴계동 1159-4번지,강원도 춘천시 우묵길74번길 14 (퇴계동),24367,쟈스민,2.01401E+13,I,2018-08-31 23:59,,263677.535,485138.6051,관광식당업,관광사업,,,,,,,,,,,,,,,,,,,,480.4,,,,,,,,,,,,,480
5,관광식당,07_24_01_P,4180000,CDFI3261042008000002,20081231,,1,영업/정상,13,영업중,,,,,255-2067,,200200,강원도 춘천시 삼천동 37-23,강원도 춘천시 옛경춘로 807 (삼천동),24239,"춘천명물닭갈비,막국수",2.02202E+13,U,2022-02-27 2:40,,262114.4614,485474.3446,관광식당업,관광사업,,0,,,,,0,0,0,0,,,0,0,,0,0,,0,328.83,,0,,,,,,,3000000000,,,,329
6,관광식당,07_24_01_P,4180000,CDFI3261042009000001,20091224,,1,영업/정상,13,영업중,,,,,254-3841,,200113,강원도 춘천시 소양로3가 180-5번지,강원도 춘천시 금강로 38 (소양로3가),200113,회영루,2.01401E+13,I,2018-08-31 23:59,,263830.1091,486721.0898,관광식당업,,,,,,,,,,,,,,,,,,,,,,,,,,,,,,80000000,,,,
7,관광식당,07_24_01_P,4180000,CDFI3261042010000001,20100601,,1,영업/정상,13,영업중,,,,,242-3010,,200853,강원도 춘천시 동면 장학리 144-16번지,강원도 춘천시 동면 순환대로 1154-97,,산토리니,2.01006E+13,I,2018-08-31 23:59,,268215.6632,487927.4034,관광식당업,,,,,,,,,,,,,,,,,,,,,641.52,,,,,,,,,,,,,642
8,관광식당,07_24_01_P,4610000,CDFI3261041988000001,19880913,,1,영업/정상,13,영업중,,,,,,,340924,"충청남도 예산군 덕산면 신평리 163-1번지 163-3, 191-9",,,뉴가야관광호텔,2.00212E+13,I,2018-08-31 23:59,,169769.9666,354736.0226,관광식당업,관광사업,,,,,,,,,,,,,,,,,,,,,,,,,,,,,,,,,
9,관광식당,07_24_01_P,5590000,CDFI3261042010000001,20100614,,1,영업/정상,13,영업중,,,,,859-1302,,482060,경기도 양주시 덕정동 350-84번지,경기도 양주시 덕정길 4  (덕정동),11450,덕화원,2.01006E+13,I,2018-08-31 23:59,,205435.2776,482382.8463,관광식당업,,주거지역,,주택가주변,,,,,,,,,,,,,,,,,,,,,,,,,,,,,,
10,관광식당,07_24_01_P,3820000,CDFI3261042017000003,20170825,,1,영업/정상,13,영업중,,,,,031-853-7601,,,경기도 의정부시 금오동 474-5번지,"경기도 의정부시 청사로48번길 25, 2,3층 (금오동, 아웃백스테이크하우스금오점)",11757,아웃백스테이크하우스 금오점,2.01708E+13,I,2018-08-31 23:59,,206223.0029,472296.5741,관광식당업,,,,,,,,,,,,,,,,,,,,,,,,,,,,,,,,,,
11,관광식당,07_24_01_P,5700000,CDFI3261042008000001,20080407,,1,영업/정상,13,영업중,,,,,885-0101,,469805,경기도 여주시 창동 68-201번지,,,중화요리 일품,2.00804E+13,I,2018-08-31 23:59,,,,관광식당업,관광사업,,,,,,,,,,,,,,,,,,,,,,,,,,,,,,,,,
12,관광식당,07_24_01_P,5700000,CDFI3261042008000002,20080513,,1,영업/정상,13,영업중,,,,,880-1630,,469803,경기도 여주시 상거동 산 15-1번지 여주프리미엄아울렛 2332호,,,(주)엑스티라이프스타일즈 여주 얌차이나,2.00805E+13,I,2018-08-31 23:59,,,,관광식당업,관광사업,,,,,,,,,,,,,,,,,,,,,,,,,,,,,,,,,
13,관광식당,07_24_01_P,3820000,CDFI3261042017000001,20170526,,1,영업/정상,13,영업중,,,,,031-826-5550,,,경기도 의정부시 호원동 50-2,"경기도 의정부시 외미로 100, 2층 205호 (호원동, 회룡타운)",11638,메이찬,2.02212E+13,U,2022-12-16 2:40,,204023.1973,469064.9397,관광식당업,,,0,,,,,0,0,0,0,,,0,0,,0,0,,0,0,,0,,,,,,,0,,,,0
14,관광식당,07_24_01_P,3820000,CDFI3261042017000002,20170728,,1,영업/정상,13,영업중,,,,,,,,경기도 의정부시 호원동 119-35번지,경기도 의정부시 호암로 85-8 (호원동),11645,락궁,2.01708E+13,I,2018-08-31 23:59,,204097.0382,467316.7259,관광식당업,,,,,,,,,,,,,,,,,,,,,,,,,,,,,,,,,,
15,관광식당,07_24_01_P,3820000,CDFI3261042004000001,20040514,,1,영업/정상,13,영업중,,,,,846-5742,,480843,경기도 의정부시 의정부동 201-11번지 (1층),경기도 의정부시 평화로 564 (의정부동),11692,팔가,2.0111E+13,I,2018-08-31 23:59,,204086.8858,471086.0229,관광식당업,관광사업,,,,,,,,,,,,,,,,,,,,,,,,,,,,,,,,,
16,관광식당,07_24_01_P,3820000,CDFI3261042006000001,20060403,,1,영업/정상,13,영업중,,,,,846-2047,,480843,경기도 의정부시 의정부동 196-14번지,경기도 의정부시 호국로1298번길 78  (의정부동),,지동관,2.00908E+13,I,2018-08-31 23:59,,204184.1939,470833.3358,관광식당업,관광사업,,,,,,,,,,,,,,,,,,,,,,,,,,,,,,,,,
17,관광식당,07_24_01_P,3140000,CDFI3261042004000001,20041111,,1,영업/정상,13,영업중,,,,,,,158715,서울특별시 양천구 목동 923-1번지 방송회관,,,주)63시티방송회관클럽백리향,2.00412E+13,I,2018-08-31 23:59,,188525.0779,447159.1734,관광식당업,관광사업,,,,,,,,,,,,,,,,,,,,,,,,,,,,,,,,,
18,관광식당,07_24_01_P,3140000,CDFI3261042004000002,20041111,,1,영업/정상,13,영업중,,,,,,,158050,서울특별시 양천구 목동 923-5번지,서울특별시 양천구 목동동로 233  (목동),7995,(주)63시티방송회관클럽백리향,2.00505E+13,I,2018-08-31 23:59,,188572.1087,447198.9126,관광식당업,관광사업,,,,,,,,,,,,,,,,,,,,,,,,,,,,,,,,,
19,관광식당,07_24_01_P,3140000,CDFI3261042016000001,20161213,,1,영업/정상,13,영업중,,,,,,,,서울특별시 양천구 신월동 427-2번지,서울특별시 양천구 월정로 65 (신월동),7929,미스차이나,2.01901E+13,U,2019-01-16 2:40,,185869.9826,447025.8364,관광식당업,,,,,,,,,,,,,,,,,,,,,,,,,,,,,,,,,,
20,관광식당,07_24_01_P,5590000,CDFI3261042019000001,20190228,,1,영업/정상,13,영업중,,,,,031-867-1007,,,경기도 양주시 은현면 선암리 522-2번지,경기도 양주시 은현면 은현로 7,11427,대륙짬뽕,2.01902E+13,I,2019-02-24 2:21,,201803.5228,485283.2772,관광식당업,,,,,,,,,,,,,,,,,,,,,,,,,,,,,,,,,,
21,관광식당,07_24_01_P,4190000,CDFI3261042008000002,20080924,,1,영업/정상,13,영업중,,,,,033-744-2114,,220938,강원도 원주시 단계동 858-2번지,강원도 원주시 천사로 34 (단계동),26436,샹하이문,2.01112E+13,I,2018-08-31 23:59,,282294.6416,427702.5032,관광식당업,관광사업,,,,,,,,,,,,,,,,,,,,,,,,,,,,,,,,,
22,관광식당,07_24_01_P,4190000,CDFI3261042009000001,20090610,,1,영업/정상,13,영업중,,,,,033-742-5188,,220963,강원도 원주시 학성동 206-8번지,강원도 원주시 중앙로 171 (학성동),26415,산동원,2.01401E+13,I,2018-08-31 23:59,,283939.4048,428242.6232,관광식당업,,,,,,,,,,,,,,,,,,,,,,,,,,,,,,,,,,
23,관광식당,07_24_01_P,4190000,CDFI3261041998000001,19980626,,1,영업/정상,13,영업중,,,,,033)730-3500,,220821,강원도 원주시 지정면 월송리 산 2-2번지,강원도 원주시 지정면 신평석화로 236,26358,오크밸리클럽하우스,2.01112E+13,I,2018-08-31 23:59,,,,관광식당업,관광사업,,,,,,,,,,,,,,,,,,,,429.5,,,,,,,,,,,,,430
24,관광식당,07_24_01_P,4190000,CDFI3261042002000001,20021025,,1,영업/정상,13,영업중,,,,,033)742-9604,,220955,강원도 원주시 우산동 231-11번지,강원도 원주시 우산초교길 19-8 (우산동),26343,래래반점,2.01112E+13,I,2018-08-31 23:59,,283062.7961,429825.3106,관광식당업,관광사업,,,,,,,,,,,,,,,,,,,,330,,,,,,,,,,,,,330
25,관광식당,07_24_01_P,4190000,CDFI3261042005000001,20050627,,1,영업/정상,13,영업중,,,,,033-742-2350,,220904,강원도 원주시 중앙동 120번지,강원도 원주시 중앙로 85 (중앙동),26428,중앙동 래래반점,2.01112E+13,I,2018-08-31 23:59,,284219.5753,427821.9221,관광식당업,관광사업,,,,,,,,,,,,,,,,,,,,,,,,,,,,,,,,,
26,관광식당,07_24_01_P,4190000,CDFI3261042006000001,20060404,,1,영업/정상,13,영업중,,,,,033-766-6941,,220944,강원도 원주시 단구동 1511-2번지 651 스타빌딩 2층,강원도 원주시 서원대로 396 (단구동),26484,아웃백스테이크하우스,2.01112E+13,I,2018-08-31 23:59,,284012.1979,425846.2563,관광식당업,관광사업,,,,,,,,,,,,,,,,,,,,,,,,,,,,,,,,,
27,관광식당,07_24_01_P,4190000,CDFI3261042008000001,20081023,,1,영업/정상,13,영업중,,,,,033-742-3163,,220963,강원도 원주시 학성동 207-18번지,강원도 원주시 원일로 148-7 (학성동),26415,연강춘,2.01312E+13,I,2018-08-31 23:59,,283887.6055,428216.3552,관광식당업,관광사업,,,,,,,,,,,,,,,,,,,,,,,,,,,,,,,,,
28,관광식당,07_24_01_P,4760000,CDFI3261042010000001,20100415,,1,영업/정상,13,영업중,,,,,063-644-2929,,566803,전라북도 임실군 임실읍 두곡리 26-6번지,전라북도 임실군 임실읍 춘향로 2933,55923,옛날짜장,2.0111E+13,I,2018-08-31 23:59,,226104.2759,236975.7071,관광식당업,,,1,,,,,1,,,,,,,,,,,,,123.29,,,,,,,,,,,,,123
29,관광식당,07_24_01_P,4760000,CDFI3261042008000002,20081015,,1,영업/정상,13,영업중,,,,,636431000,,566831,전라북도 임실군 신덕면 지장리 산 7번지,전라북도 임실군 신덕면 수지로 559-90,55901,전주샹그릴라컨트리클럽,2.0111E+13,I,2018-08-31 23:59,,218211.1988,245156.6595,관광식당업,,,1,,,,,1,,,,,,,,,,,,,1009.6,,,,,,,,,,,,,1010
30,관광식당,07_24_01_P,6520000,CDFI3261041997000001,19970211,,1,영업/정상,13,영업중,,,,,738-0500,,697301,제주특별자치도 서귀포시 상예동 144번지,제주특별자치도 서귀포시 상예로 381  (상예동),,대유식당,2.00303E+13,I,2018-08-31 23:59,,143586.4218,-24099.04944,관광식당업,관광사업,,,,,,,,,,,,,,,,,,,,,,,,,,,,,,,,,
31,관광식당,07_24_01_P,4170000,CDFI3261042003000001,20030325,,1,영업/정상,13,영업중,,,,,,,476922,경기도 양평군 강하면 전수리 17-3번지,경기도 양평군 강하면 강남로 489,,힐하우스,2.00303E+13,I,2018-08-31 23:59,,238838.6324,444911.1303,관광식당업,관광사업,주거지역,,,,,,,,,,,,,,,,,,,,,,,,,,,,,,,,
32,관광식당,07_24_01_P,4170000,CDFI3261042003000002,20030325,,1,영업/정상,13,영업중,,,,,,,476922,경기도 양평군 강하면 전수리 17-3번지,경기도 양평군 강하면 강남로 489,,스완레스토랑,2.00303E+13,I,2018-08-31 23:59,,238838.6324,444911.1303,관광식당업,관광사업,주거지역,,,,,,,,,,,,,,,,,,,,,,,,,,,,,,,,
33,관광식당,07_24_01_P,4170000,CDFI3261042003000003,20030325,,1,영업/정상,13,영업중,,,,,,,476922,경기도 양평군 강하면 전수리 16-3번지,경기도 양평군 강하면 강남로 489,,아미고,2.00303E+13,I,2018-08-31 23:59,,238867.8536,444902.9732,관광식당업,관광사업,주거지역,,,,,,,,,,,,,,,,,,,,,,,,,,,,,,,,
34,관광식당,07_24_01_P,4070000,CDFI3261042001000001,20011206,,1,영업/정상,13,영업중,,,,,637-6334,,467866,경기도 이천시 부발읍 아미리 726-29번지,,,로마광광나이트,2.00606E+13,I,2018-08-31 23:59,,243394.2977,416797.164,관광식당업,관광사업,,,,,,,,,,,,,,,,,,,,,,,,,,,,,,,,,
35,관광식당,07_24_01_P,4140000,CDFI3261042005000001,20050718,,1,영업/정상,13,영업중,,,,,,,486904,경기도 연천군 전곡읍 전곡리 305-4번지,경기도 연천군 전곡읍 전곡역로 61,11034,명신반점,2.01312E+13,I,2018-08-31 23:59,,206054.4625,502378.1483,관광식당업,,,,,,,,,,,,,,,,,,,,,,,,,,,,,,,,,,
36,관광식당,07_24_01_P,3070000,CDFI3261042003000001,20031007,,1,영업/정상,13,영업중,,,,,02-953-4652,,136075,서울특별시 성북구 안암동5가 104-221,서울특별시 성북구 인촌로26길 51 (안암동5가),2856,갑천하,2.02106E+13,U,2021-06-19 2:40,,202599.4411,453516.3786,관광식당업,,,,,,,,,,,,,,,,,,,,,,,,,,,,,,,,,,
37,관광식당,07_24_01_P,3070000,CDFI3261042006000001,20061204,,1,영업/정상,13,영업중,,,,,02-928-3344,,136034,서울특별시 성북구 동소문동4가 230,서울특별시 성북구 동소문로13가길 16 (동소문동4가),2832,청도,2.02106E+13,U,2021-06-19 2:40,,200994.3611,454403.3505,관광식당업,,,,,,,,,,,,,,,,,,,,,,,,,,,,,,,,,,
38,관광식당,07_24_01_P,3070000,CDFI3261042007000001,20070302,,1,영업/정상,13,영업중,,,,,02-929-7050,,136075,서울특별시 성북구 안암동5가 86-185번지,서울특별시 성북구 인촌로28길 17  (안암동5가),,미스터왕,2.01301E+13,I,2018-08-31 23:59,,202659.5185,453711.1808,관광식당업,,,,,,,,,,,,,,,,,,,,,,,,,,,,,,,,,,
39,관광식당,07_24_01_P,3070000,CDFI3261042007000002,20070313,,1,영업/정상,13,영업중,,,,,02-923-3888,,136075,서울특별시 성북구 안암동5가 101-66,서울특별시 성북구 개운사길 21-3 (안암동5가),136075,화원,2.02106E+13,U,2021-06-19 2:40,,202481.8946,453888.7978,관광식당업,,,,,,,,,,,,,,,,,,,,,,,,,,,,,,,,,,
40,관광식당,07_24_01_P,3070000,CDFI3261042008000001,20080331,,1,영업/정상,13,영업중,,,,,02-923-9577,,136075,서울특별시 성북구 안암동5가 134-35,서울특별시 성북구 안암로 69-1 (안암동5가),2855,고려성,2.02106E+13,U,2021-06-19 2:40,,202477.8292,453373.5106,관광식당업,,,,,,,,,,,,,,,,,,,,,,,,,,,,,,,,,,
41,관광식당,07_24_01_P,3070000,CDFI3261042008000004,20080715,,1,영업/정상,13,영업중,,,,,02-921-9982,,136075,서울특별시 성북구 안암동5가 102-59,서울특별시 성북구 인촌로24길 27 (안암동5가),2856,베나레스,2.02106E+13,U,2021-06-19 2:40,,202540.3144,453625.7347,관광식당업,,,,,,,,,,,,,,,,,,,,,,,,,,,,,,,,,,
42,관광식당,07_24_01_P,3070000,CDFI3261041998000001,19981123,,1,영업/정상,13,영업중,,,,,02-762-1448,,136822,서울특별시 성북구 성북동 산 5-1,서울특별시 성북구 북악산로 637 (성북동),2821,곰의집,2.02106E+13,U,2021-06-19 2:40,,200400.1292,454940.9427,관광식당업,,,,,,,,,,,,,,,,,,,,,,,,,,,,,,,,,,
43,관광식당,07_24_01_P,3020000,CDFI3261042008000003,20081229,,1,영업/정상,13,영업중,,,,,749-3336,,140863,서울특별시 용산구 이태원동 116-15번지 지상1층,"서울특별시 용산구 이태원로27가길 50  (이태원동,지상1층)",,새골목집,2.00908E+13,I,2018-08-31 23:59,,199268.8253,448094.819,관광식당업,,,,,,,,,,,,,,,,,,,,,,,,,,,,,,,,,,
44,관광식당,07_24_01_P,3020000,CDFI3261042008000005,20080929,,1,영업/정상,13,영업중,,,,,2012-0567,,140780,서울특별시 용산구 한강로3가 40-999번지 현대아이파크몰 5층 514,,,쿠아타이,2.00908E+13,I,2018-08-31 23:59,,196762.0774,447480.0396,관광식당업,,,,,,,,,,,,,,,,,,,,,,,,,,,,,,,,,,
45,관광식당,07_24_01_P,3020000,CDFI3261042010000001,20100216,,1,영업/정상,13,영업중,,,,,02-3270-7533,,140170,서울특별시 용산구 동자동 43-205번지 3층 301호,,,티원(T-Won),2.01012E+13,I,2018-08-31 23:59,,197373.8399,450014.5379,관광식당업,,,,,,,,,,,,,,,,,,,,,,,,,,,,,,,,,,
46,관광식당,07_24_01_P,3020000,CDFI3261042009000012,20090928,,1,영업/정상,13,영업중,,,,,749-0446,,140892,서울특별시 용산구 한남동 683-122번지 지상1층,"서울특별시 용산구 이태원로 232  (한남동,지상1층)",,니시키,2.0091E+13,I,2018-08-31 23:59,,199883.7126,448151.5267,관광식당업,,,,,,,,,,,,Nisiki,,,,,,,,,,,,,,,,,,,,,,
47,관광식당,07_24_01_P,3020000,CDFI3261042009000013,20091104,,1,영업/정상,13,영업중,,,,,,,140858,서울특별시 용산구 이태원동 127-3번지,서울특별시 용산구 이태원로 190  (이태원동),,판쵸스,2.00911E+13,I,2018-08-31 23:59,,199501.6629,448010.1259,관광식당업,,,,,,,,,,,,,,,,,,,,,,,,,,,,,,,,,,
48,관광식당,07_24_01_P,3020000,CDFI3261042009000014,20091104,,1,영업/정상,13,영업중,,,,,,,140887,서울특별시 용산구 한남동 653-1번지 지상1층,"서울특별시 용산구 대사관로 52  (한남동,지상1층)",,취룡,2.00911E+13,I,2018-08-31 23:59,,200270.9817,447892.8659,관광식당업,,,,,,,,,,,,chui ryong,,,,,,,,,,,,,,,,,,,,,,
49,관광식당,07_24_01_P,3020000,CDFI3261042009000015,20091104,,1,영업/정상,13,영업중,,,,,,,140031,서울특별시 용산구 이촌동 300-23번지,서울특별시 용산구 이촌로 248  (이촌동),,르어 이촌점,2.00911E+13,I,2018-08-31 23:59,,197722.571,446344.5912,관광식당업,,,,,,,,,,,,,,,,,,,,,,,,,,,,,,,,,,
50,관광식당,07_24_01_P,3020000,CDFI3261042008000006,20080929,,1,영업/정상,13,영업중,,,,,7020424,,140851,서울특별시 용산구 원효로4가 137번지,서울특별시 용산구 효창원로 4  (원효로4가),,(주)테크데이타 원효로지점 포이삽사,2.00908E+13,I,2018-08-31 23:59,,195563.789,447943.3447,관광식당업,,,,,,,,,,,,,,,,,,,,,,,,,,,,,,,,,,
51,관광식당,07_24_01_P,3020000,CDFI3261042008000007,20080908,,1,영업/정상,13,영업중,,,,,2012-0696,,140780,서울특별시 용산구 한강로3가 40-999번지 현대아이몰 6층,,,경풍루,2.00908E+13,I,2018-08-31 23:59,,196762.0774,447480.0396,관광식당업,,,,,,,,,,,,,,,,,,,,,,,,,,,,,,,,,,
52,관광식당,07_24_01_P,3020000,CDFI3261042008000008,20080721,,1,영업/정상,13,영업중,,,,,553-9000,,140858,서울특별시 용산구 이태원동 124-12번지 지하1층,"서울특별시 용산구 이태원로27나길 36  (이태원동,지하1층)",,빌라소르티노,2.00908E+13,I,2018-08-31 23:59,,199632.9596,448092.468,관광식당업,,,,,,,,,,,,,,,,,,,,,,,,,,,,,,,,,,
53,관광식당,07_24_01_P,3020000,CDFI3261042008000009,20080702,,1,영업/정상,13,영업중,,,,,,,140864,서울특별시 용산구 이태원동 172-2번지 덕흥빌딩 지하1층,"서울특별시 용산구 이태원로 153  (이태원동,덕흥빌딩 지하1층)",,아그라,2.00908E+13,I,2018-08-31 23:59,,199134.1045,448041.6985,관광식당업,,,,,,,,,,,,,,,,,,,,,,,,,,,,,,,,,,
54,관광식당,07_24_01_P,3020000,CDFI3261042008000010,20080614,,1,영업/정상,13,영업중,,,,,795-6751,,140884,서울특별시 용산구 한남동 263-10번지,서울특별시 용산구 독서당로 73  (한남동),,웨스턴차이나,2.00908E+13,I,2018-08-31 23:59,,200693.6525,447995.8319,관광식당업,,,,,,,,,,,,,,,,,,,,,,,,,,,,,,,,,,
55,관광식당,07_24_01_P,3020000,CDFI3261042008000012,20080610,,1,영업/정상,13,영업중,,,,,798-9277,,140858,서울특별시 용산구 이태원동 127-2번지 지상2층,"서울특별시 용산구 이태원로 192  (이태원동,지상2층)",,두바이,2.00908E+13,I,2018-08-31 23:59,,199520.2804,448012.0475,관광식당업,,,,,,,,,,,,,,,,,,,,,,,,,,,,,,,,,,
56,관광식당,07_24_01_P,3020000,CDFI3261042008000013,20080425,,1,영업/정상,13,영업중,,,,,798-1253,,140884,서울특별시 용산구 한남동 732-151번지,서울특별시 용산구 우사단로10길 45  (한남동),,와즈완,2.00908E+13,I,2018-08-31 23:59,,199761.5165,447856.1861,관광식당업,,,,,,,,,,,,,,,,,,,,,,,,,,,,,,,,,,
57,관광식당,07_24_01_P,3020000,CDFI3261042008000014,20080331,,1,영업/정상,13,영업중,,,,,793-8845,,140857,서울특별시 용산구 이태원동 228-6번지 지상4층,"서울특별시 용산구 회나무로 57  (이태원동,지상4층)",,마오,2.00908E+13,I,2018-08-31 23:59,,199303.3886,448682.6196,관광식당업,,,,,,,,,,,,,,,,,,,,,,,,,,,,,,,,,,
58,관광식당,07_24_01_P,3020000,CDFI3261042008000015,20080201,,1,영업/정상,13,영업중,,,,,749-9287,,140863,서울특별시 용산구 이태원동 118-20번지 지상2층,"서울특별시 용산구 이태원로27가길 54  (이태원동,지상2층)",,마이차이나,2.00908E+13,I,2018-08-31 23:59,,199246.9413,448082.3966,관광식당업,,,,,,,,,,,,,,,,,,,,,,,,,,,,,,,,,,
59,관광식당,07_24_01_P,3020000,CDFI3261042009000001,20090423,,1,영업/정상,13,영업중,,,,,749-0903,,140201,서울특별시 용산구 이태원동 457-1번지 지하1층,"서울특별시 용산구 녹사평대로40길 48  (이태원동,지하1층)",,베를린,2.00908E+13,I,2018-08-31 23:59,,198905.8666,448018.8637,관광식당업,,,,,,,,,,,,,,,,,,,,,,,,,,,,,,,,,,
60,관광식당,07_24_01_P,3020000,CDFI3261041996000001,19961224,,1,영업/정상,13,영업중,,,,,796-5501,,140899,서울특별시 용산구 후암동 340-5번지,서울특별시 용산구 두텁바위로60길 25  (후암동),,모글인테내셔날(파키스탄),2.00908E+13,I,2018-08-31 23:59,,198418.6003,449786.822,관광식당업,,,,,,,,,,,,,,,,,,,,,,,,,,,,,,,,,,
61,관광식당,07_24_01_P,3020000,CDFI3261041997000001,19971226,,1,영업/정상,13,영업중,,,,,580-8122,,140861,서울특별시 용산구 이태원동 534번지,서울특별시 용산구 녹사평대로 206  (이태원동),,이탈리아노(이태리식),2.00908E+13,I,2018-08-31 23:59,,198813.1642,448200.2462,관광식당업,,,,,,,,,,,,,,,,,,,,,,,,,,,,,,,,,,
62,관광식당,07_24_01_P,3020000,CDFI3261041999000001,19991224,,1,영업/정상,13,영업중,,,,,796-4100,,140890,"서울특별시 용산구 한남동 762-162번지 1,2층",,,세종식당(한국전통식),2.00908E+13,I,2018-08-31 23:59,,,,관광식당업,,,,,,,,,,,,,,,,,,,,,,,,,,,,,,,,,,
63,관광식당,07_24_01_P,3020000,CDFI3261042001000001,20010602,,1,영업/정상,13,영업중,,,,,790-2322,,140884,서울특별시 용산구 한남동 722-16번지,,,남해숫불갈비(한국전통식),2.00908E+13,I,2018-08-31 23:59,,200371.94,448388.684,관광식당업,,,,,,,,,,,,,,,,,,,,,,,,,,,,,,,,,,
64,관광식당,07_24_01_P,3020000,CDFI3261042002000001,20020802,,1,영업/정상,13,영업중,,,,,793-4888,,140863,서울특별시 용산구 이태원동 116-14번지,서울특별시 용산구 이태원로27가길 52  (이태원동),,파타야,2.00908E+13,I,2018-08-31 23:59,,199250.4279,448098.7581,관광식당업,,,,,,,,,,,,,,,,,,,,,,,,,,,,,,,,,,
65,관광식당,07_24_01_P,3020000,CDFI3261042002000002,20020628,,1,영업/정상,13,영업중,,,,,797-0752,,140884,서울특별시 용산구 한남동 28-9번지,서울특별시 용산구 독서당로 83  (한남동),,챠크라,2.00908E+13,I,2018-08-31 23:59,,200786.752,448027.7172,관광식당업,,,,,,,,,,,,,,,,,,,,,,,,,,,,,,,,,,
66,관광식당,07_24_01_P,3020000,CDFI3261042002000003,20020326,,1,영업/정상,13,영업중,,,,,3461-1462,,140893,서울특별시 용산구 한남동 737-24번지 3층,"서울특별시 용산구 이태원로 223  (한남동,3층)",,(주) 타이가든,2.00908E+13,I,2018-08-31 23:59,,199801.9572,448135.576,관광식당업,,,,,,,,,,,,,,,,,,,,,,,,,,,,,,,,,,
67,관광식당,07_24_01_P,3020000,CDFI3261042002000004,20020305,,1,영업/정상,13,영업중,,,,,794-3182,,140887,서울특별시 용산구 한남동 657-43번지 2층,"서울특별시 용산구 대사관로 45-1  (한남동,2층)",,메르하바,2.00908E+13,I,2018-08-31 23:59,,200218.8182,447935.9845,관광식당업,,,,,,,,,,,,,,,,,,,,,,,,,,,,,,,,,,
68,관광식당,07_24_01_P,3020000,CDFI3261042006000001,20061228,,1,영업/정상,13,영업중,,,,,795-2402,,140882,서울특별시 용산구 한강로3가 60번지,서울특별시 용산구 한강대로 52-1  (한강로3가),,북경,2.00908E+13,I,2018-08-31 23:59,,196808.0811,447019.9147,관광식당업,,,,,,,,,,,,,,,,,,,,,,,,,,,,,,,,,,
69,관광식당,07_24_01_P,3020000,CDFI3261042006000002,20061207,,1,영업/정상,13,영업중,,,,,796-6457,,140887,서울특별시 용산구 한남동 631-15번지,서울특별시 용산구 대사관로30길 11-6  (한남동),,현경한남점,2.00908E+13,I,2018-08-31 23:59,,200448.9388,447808.592,관광식당업,,,,,,,,,,,,,,,,,,,,,,,,,,,,,,,,,,
70,관광식당,07_24_01_P,3020000,CDFI3261042007000001,20071106,,1,영업/정상,13,영업중,,,,,790-7754,,140858,서울특별시 용산구 이태원동 124-9번지,서울특별시 용산구 이태원로 203  (이태원동),,알리바바,2.00908E+13,I,2018-08-31 23:59,,199628.2844,448063.0808,관광식당업,,,,,,,,,,,,,,,,,,,,,,,,,,,,,,,,,,
71,관광식당,07_24_01_P,3020000,CDFI3261042007000002,20071012,,1,영업/정상,13,영업중,,,,,792-0872,,140853,서울특별시 용산구 이촌동 300-16번지,서울특별시 용산구 이촌로88길 8  (이촌동),,파챠이,2.00908E+13,I,2018-08-31 23:59,,197965.0841,446221.6907,관광식당업,,,,,,,,,,,,,,,,,,,,,,,,,,,,,,,,,,
72,관광식당,07_24_01_P,3020000,CDFI3261042007000003,20070919,,1,영업/정상,13,영업중,,,,,7937784,,140863,서울특별시 용산구 이태원동 119-7번지,서울특별시 용산구 이태원로 173-7  (이태원동),,사이공그릴,2.00908E+13,I,2018-08-31 23:59,,199331.944,448070.2162,관광식당업,,,,,,,,,,,,,,,,,,,,,,,,,,,,,,,,,,
73,관광식당,07_24_01_P,3020000,CDFI3261042007000004,20070808,,1,영업/정상,13,영업중,,,,,790-0779,,140886,"서울특별시 용산구 한남동 78-2번지 외1필지 2,3층","서울특별시 용산구 대사관로 77  (한남동,외1필지 2,3층)",,사쿠라,2.00908E+13,I,2018-08-31 23:59,,200527.1005,447898.6532,관광식당업,,,,,,,,,,,,,,,,,,,,,,,,,,,,,,,,,,
74,관광식당,07_24_01_P,3020000,CDFI3261042007000005,20070622,,1,영업/정상,13,영업중,,,,,794-8090,,140858,서울특별시 용산구 이태원동 123-20번지,,,마이타이,2.00908E+13,I,2018-08-31 23:59,,199458.7147,448064.9321,관광식당업,,,,,,,,,,,,,,,,,,,,,,,,,,,,,,,,,,
75,관광식당,07_24_01_P,3020000,CDFI3261042007000006,20070622,,1,영업/정상,13,영업중,,,,,794-7024,,140865,서울특별시 용산구 이태원동 130-1번지 2층,"서울특별시 용산구 보광로 125  (이태원동,2층)",,쉐프마일리오스트리아,2.00908E+13,I,2018-08-31 23:59,,199397.0887,447956.4668,관광식당업,,,,,,,,,,,,,,,,,,,,,,,,,,,,,,,,,,
76,관광식당,07_24_01_P,3020000,CDFI3261042007000007,20070315,,1,영업/정상,13,영업중,,,,,749-0316,,140865,서울특별시 용산구 이태원동 130-2번지,,,타지펠리스,2.00908E+13,I,2018-08-31 23:59,,,,관광식당업,,,,,,,,,,,,,,,,,,,,,,,,,,,,,,,,,,
77,관광식당,07_24_01_P,3020000,CDFI3261042007000008,20070103,,1,영업/정상,13,영업중,,,,,797-0488,,140893,서울특별시 용산구 한남동 736-11번지 2층,"서울특별시 용산구 이태원로 208  (한남동,2층)",,솔티노,2.00908E+13,I,2018-08-31 23:59,,199675.3838,448030.3646,관광식당업,,,,,,,,,,,,,,,,,,,,,,,,,,,,,,,,,,
78,관광식당,07_24_01_P,3020000,CDFI3261042008000001,20080721,,1,영업/정상,13,영업중,,,,,553-9000,,140201,서울특별시 용산구 이태원동 118-20번지 1층,"서울특별시 용산구 이태원로27가길 54  (이태원동,1층)",,비냐,2.00908E+13,I,2018-08-31 23:59,,199246.9413,448082.3966,관광식당업,,,,,,,,,,,,Vigna,,,,,,,,,,,,,,,,,,,,,,
79,관광식당,07_24_01_P,3020000,CDFI3261042008000002,20080807,,1,영업/정상,13,영업중,,,,,,,140201,서울특별시 용산구 이태원동 119-18번지 지상2층,"서울특별시 용산구 이태원로 169  (이태원동,지상2층)",,카레타운,2.00908E+13,I,2018-08-31 23:59,,199281.8917,448046.8259,관광식당업,,,,,,,,,,,,,,,,,,,,,,,,,,,,,,,,,,
80,관광식당,07_24_01_P,3020000,CDFI3261042009000002,20090724,,1,영업/정상,13,영업중,,,,,759-6554,,140821,서울특별시 용산구 동자동 42-9번지,서울특별시 용산구 한강대로102길 3  (동자동),,만리장성,2.00908E+13,I,2018-08-31 23:59,,197483.4743,449743.6331,관광식당업,,,,,,,,,,,,The Great Wall,,,,,,,,,,,,,,,,,,,,,,
81,관광식당,07_24_01_P,3020000,CDFI3261042009000003,20090413,,1,영업/정상,13,영업중,,,,,795-9711,,140858,서울특별시 용산구 이태원동 124-6번지 지상1층,"서울특별시 용산구 이태원로27길 6  (이태원동,지상1층)",,한국아미고스(주),2.00908E+13,I,2018-08-31 23:59,,199540.5803,448085.228,관광식당업,,,,,,,,,,,,,,,,,,,,,,,,,,,,,,,,,,
82,관광식당,07_24_01_P,3070000,CDFI3261042009000003,20090107,,1,영업/정상,13,영업중,,,,,02-6084-6527,,136075,서울특별시 성북구 안암동5가 146-5번지 3층,서울특별시 성북구 인촌로24길 6 (안암동5가),2855,오샬,2.01301E+13,I,2018-08-31 23:59,,202507.6889,453740.3953,관광식당업,,,,,,,,,,,,,,,,,,,,,,,,,,,,,,,,,,
83,관광식당,07_24_01_P,3070000,CDFI3261042010000002,20100823,,1,영업/정상,13,영업중,,,,,02-953-1916,,136075,서울특별시 성북구 안암동5가 103-39번지 2층,서울특별시 성북구 인촌로26길 42-3 (안암동5가),2856,싸루(SARU)인도&네팔푸드레스토랑,2.01306E+13,I,2018-08-31 23:59,,202557.9567,453549.3332,관광식당업,,,,,,,,,,,,,,,,,,,,,,,,,,,,,,,,,,
84,관광식당,07_24_01_P,3070000,CDFI3261042011000002,20110222,,1,영업/정상,13,영업중,,,,,02-795-7915,,136822,서울특별시 성북구 성북동 산 5-1,서울특별시 성북구 북악산로 637 (성북동),2821,푸드카페앤그릴,2.02106E+13,U,2021-06-19 2:40,,200400.1292,454940.9427,관광식당업,,,,,,,,,,,,,,,,,,,,,,,,,,,,,,,,,,
85,관광식당,07_24_01_P,3020000,CDFI3261042009000004,20090326,,1,영업/정상,13,영업중,,,,,795-7915,,140888,서울특별시 용산구 한남동 312-5번지 지상2층,"서울특별시 용산구 유엔빌리지1길 2  (한남동,지상2층)",,고매식,2.00908E+13,I,2018-08-31 23:59,,200806.3726,447855.6358,관광식당업,,,,,,,,,,,,,,,,,,,,,,,,,,,,,,,,,,
86,관광식당,07_24_01_P,3020000,CDFI3261042009000005,20090319,,1,영업/정상,13,영업중,,,,,793-9003,,140889,서울특별시 용산구 한남동 736-8번지 지상2층,"서울특별시 용산구 이태원로 216  (한남동,지상2층)",,올라마리오,2.00908E+13,I,2018-08-31 23:59,,199766.1582,448048.1458,관광식당업,,,,,,,,,,,,,,,,,,,,,,,,,,,,,,,,,,
87,관광식당,07_24_01_P,3020000,CDFI3261042009000006,20090109,,1,영업/정상,13,영업중,,,,,712-1509,,140160,"서울특별시 용산구 남영동 89-5번지 지상1,2층","서울특별시 용산구 한강대로76길 5  (남영동,지상1,2층)",,인디아,2.01001E+13,I,2018-08-31 23:59,,197581.2304,448818.3127,관광식당업,,,,,,,,,,,,,,,,,,,,,,,,,,,,,,,,,,
88,관광식당,07_24_01_P,3020000,CDFI3261042009000007,20090107,,1,영업/정상,13,영업중,,,,,749-2827,,140865,서울특별시 용산구 이태원동 130-3번지 지상2층,"서울특별시 용산구 보광로59길 5  (이태원동,지상2층)",,꼬메돌,2.00908E+13,I,2018-08-31 23:59,,199375.1672,447957.98,관광식당업,,,,,,,,,,,,,,,,,,,,,,,,,,,,,,,,,,
89,관광식당,07_24_01_P,3020000,CDFI3261042009000008,20090319,,1,영업/정상,13,영업중,,,,,715-9441,,140893,서울특별시 용산구 한남동 736-15번지 지상2층,"서울특별시 용산구 이태원로 220  (한남동,지상2층)",,마러커쉬나이트,2.00908E+13,I,2018-08-31 23:59,,199794.6109,448065.7688,관광식당업,,,,,,,,,,,,,,,,,,,,,,,,,,,,,,,,,,
90,관광식당,07_24_01_P,3020000,CDFI3261042009000009,20090810,,1,영업/정상,13,영업중,,,,,794-8803,,140858,서울특별시 용산구 이태원동 124-6번지 2층,"서울특별시 용산구 이태원로27길 6  (이태원동,2층)",,가사안토니오,2.00908E+13,I,2018-08-31 23:59,,199540.5803,448085.228,관광식당업,,,,,,,,,,,,cas antonio,,,,,,,,,,,,,,,,,,,,,,
91,관광식당,07_24_01_P,3020000,CDFI3261042009000010,20090914,,1,영업/정상,13,영업중,,,,,792-1448,,140858,서울특별시 용산구 이태원동 131-36번지 지상1층,"서울특별시 용산구 보광로60길 10  (이태원동,지상1층)",,댈리달발,2.00909E+13,I,2018-08-31 23:59,,199462.5586,447958.069,관광식당업,,,,,,,,,,,,,,,,,,,,,,,,,,,,,,,,,,
92,관광식당,07_24_01_P,3020000,CDFI3261042009000011,20090928,,1,영업/정상,13,영업중,,,,,749-2746,,140864,서울특별시 용산구 이태원동 176-3번지 지상3층,,,왕타이,2.0091E+13,I,2018-08-31 23:59,,,,관광식당업,,,,,,,,,,,,Wangthai,,,,,,,,,,,,,,,,,,,,,,
93,관광식당,07_24_01_P,3820000,CDFI3261042019000001,20190128,,1,영업/정상,13,영업중,,,,,031-877-8289,,,경기도 의정부시 장암동 135-41번지,"경기도 의정부시 장곡로 48, 2층 (장암동)",11723,파파스 차이나,2.01905E+13,U,2019-05-25 2:40,,204530.1081,467376.557,관광식당업,,,,,,2019. 5. 16. 소재지 변경,,,,,,,,,,,,,,,,,,,,,,,,,,,,
94,관광식당,07_24_01_P,3630000,CDFI3261041996000001,19960702,,1,영업/정상,13,영업중,,,,,062-954-1005,,506813,광주광역시 광산구 우산동 1574-8,광주광역시 광산구 무진대로211번길 21-5 (우산동),,(주)푸드베네치아하남점,2.02008E+13,U,2020-08-26 2:40,,182022.3722,184908.8141,관광식당업,관광사업,,,,,,,,,,,,,,,,,,,,110,,,,,,,,,,,,,110
95,관광식당,07_24_01_P,3660000,CDFI3261042005000003,20051223,,1,영업/정상,13,영업중,,,,,482-6267,,302852,대전광역시 서구 월평동 741번지 금강빌라 301호,"대전광역시 서구 월평로90번길 5,  301호 (월평동,금강빌라)",,동천홍,2.00812E+13,I,2018-08-31 23:59,,232903.7475,317238.8859,관광식당업,관광사업,,,,,,,,,,,,,,,,,,,,,,,,,,,,,300000000,,,,
96,관광식당,07_24_01_P,3660000,CDFI3261042005000004,20051227,,1,영업/정상,13,영업중,,,,,526-9295,,302809,대전광역시 서구 갈마동 343-42번지 1층,"대전광역시 서구 갈마중로7번길 10-3  (갈마동,1층)",,청해루,2.00812E+13,I,2018-08-31 23:59,,233171.9067,316423.6998,관광식당업,관광사업,,,,,,,,,,,,,,,,,,,,,,,,,,,,,140000000,,,,
97,관광식당,07_24_01_P,3660000,CDFI3261042006000001,20060411,,1,영업/정상,13,영업중,,,,,489-2060,,302828,대전광역시 서구 둔산동 1009번지 우정빌딩 2층,"대전광역시 서구 둔산로31번길 32  (둔산동,우정빌딩 2층)",,만다린,2.00812E+13,I,2018-08-31 23:59,,233839.7675,316984.3354,관광식당업,관광사업,,,,,,,,,,,,,,,,,,,,,,,,,,,,,300000000,,,,
98,관광식당,07_24_01_P,3660000,CDFI3261042006000002,20060524,,1,영업/정상,13,영업중,,,,,485-1796.7,,302834,"대전광역시 서구 만년동 322번지 1,2층","대전광역시 서구 만년로67번길 18-13  (만년동,1,2층)",,천년의 정원,2.00812E+13,I,2018-08-31 23:59,,234124.2813,318680.065,관광식당업,관광사업,,,,,,,,,,,,,,,,,,,,,,,,,,,,,700000000,,,,
99,관광식당,07_24_01_P,3660000,CDFI3261042006000003,20060911,,1,영업/정상,13,영업중,,,,,486-3888,,302859,대전광역시 서구 탄방동 732번지 3층,"대전광역시 서구 문예로 15  (탄방동,3층)",,동방명주,2.00812E+13,I,2018-08-31 23:59,,234922.6204,316428.8598,관광식당업,관광사업,,,,,,,,,,,,,,,,,,,,,,,,,,,,,400000000,,,,
100,관광식당,07_24_01_P,3660000,CDFI3261042006000004,20061011,,1,영업/정상,13,영업중,,,,,488-3150,,302869,대전광역시 서구 둔산동 1188번지,대전광역시 서구 둔산남로9번길 79  (둔산동),,천안문,2.00812E+13,I,2018-08-31 23:59,,234059.745,316722.395,관광식당업,관광사업,,,,,,,,,,,,,,,,,,,,,,,,,,,,,500000000,,,,
101,관광식당,07_24_01_P,3660000,CDFI3261042006000005,20061014,,1,영업/정상,13,영업중,,,,,471-3201,,302830,대전광역시 서구 둔산동 1270번지,대전광역시 서구 둔산로 71  (둔산동),,오후청,2.00812E+13,I,2018-08-31 23:59,,234197.2782,316816.4078,관광식당업,관광사업,,,,,,,,,,,,,,,,,,,,,,,,,,,,,600000000,,,,
102,관광식당,07_24_01_P,3660000,CDFI3261042006000006,20061117,,1,영업/정상,13,영업중,,,,,486-6613,,302834,대전광역시 서구 만년동 376번지,대전광역시 서구 둔산대로117번길 18  (만년동),,차이나공,2.00812E+13,I,2018-08-31 23:59,,234261.1638,318387.418,관광식당업,관광사업,,,,,,,,,,,,,,,,,,,,,,,,,,,,,1000000000,,,,
103,관광식당,07_24_01_P,3660000,CDFI3261042002000006,20020321,,1,영업/정상,13,영업중,,,,,488-8511,,302852,대전광역시 서구 월평동 1498번지,대전광역시 서구 계룡로 199  (월평동),,영일만회천국,2.00812E+13,I,2018-08-31 23:59,,231526.2753,316798.8219,관광식당업,관광사업,,,,,,,,,,,,,,,,,,,,,,,,,,,,,600000000,,,,
104,관광식당,07_24_01_P,3660000,CDFI3261042002000007,20020508,,1,영업/정상,13,영업중,,,,,487-9200,,302831,대전광역시 서구 둔산동 1396번지 명진빌딩 10층,대전광역시 서구 둔산중로78번길 20 (둔산동),35240,젠클럽레스토랑,2.01401E+13,I,2018-08-31 23:59,,234750.3076,317009.6799,관광식당업,관광사업,,,,,,,,,,,,,,,,,,,,,,,,,,,,,600000000,,,,
105,관광식당,07_24_01_P,3660000,CDFI3261042002000008,20020531,,1,영업/정상,13,영업중,,,,,582-7373,,302854,대전광역시 서구 정림동 8-42번지,대전광역시 서구 혜천로 50 (정림동),35395,폴라리스,2.01401E+13,I,2018-08-31 23:59,,233207.9368,311628.0362,관광식당업,관광사업,,,,,,,,,,,,,,,,,,,,,,,,,,,,,300000000,,,,
106,관광식당,07_24_01_P,3660000,CDFI3261042002000009,20020911,,1,영업/정상,13,영업중,,,,,480-9000,,302869,대전광역시 서구 둔산동 1143번지,대전광역시 서구 문정로 7  (둔산동),,오케이테마타운,2.00812E+13,I,2018-08-31 23:59,,234097.2202,316137.3976,관광식당업,관광사업,,,,,,,,,,,,,,,,,,,,,,,,,,,,,2200000000,,,,
107,관광식당,07_24_01_P,3660000,CDFI3261042003000001,20030407,,1,영업/정상,13,영업중,,,,,527-6171,,302809,대전광역시 서구 갈마동 1435번지 2층,"대전광역시 서구 대덕대로 164  (갈마동,2층)",,아웃백스테이크하우스,2.00812E+13,I,2018-08-31 23:59,,233739.4268,316381.8224,관광식당업,관광사업,,,,,,,,,,,,,,,,,,,,,,,,,,,,,1922700000,,,,
108,관광식당,07_24_01_P,3660000,CDFI3261042007000001,20070419,,1,영업/정상,13,영업중,,,,,841-7464,,302869,대전광역시 서구 둔산동 1231번지,대전광역시 서구 계룡로491번길 54  (둔산동),,천객가,2.00812E+13,I,2018-08-31 23:59,,234232.3361,316312.8218,관광식당업,관광사업,,,,,,,,,,,,,,,,,,,,,,,,,,,,,300000000,,,,
109,관광식당,07_24_01_P,3660000,CDFI3261042007000003,20070911,,1,영업/정상,13,영업중,,,,,482-7875,,302834,대전광역시 서구 만년동 380번지 5층,"대전광역시 서구 둔산대로117번길 34  (만년동,5층)",,삼국지,2.00812E+13,I,2018-08-31 23:59,,234261.165,318469.735,관광식당업,관광사업,,,,,,,,,,,,,,,,,,,,,,,,,,,,,300000000,,,,
110,관광식당,07_24_01_P,3660000,CDFI3261042003000002,20030529,,1,영업/정상,13,영업중,,,,,472-8111,,302847,대전광역시 서구 월평동 265번지 한독빌딩 지하1층,"대전광역시 서구 청사서로 46  (월평동,한독빌딩 지하1층)",,바이젠하우스,2.00812E+13,I,2018-08-31 23:59,,233760.9133,317974.6375,관광식당업,관광사업,,,,,,,,,,,,,,,,,,,,,,,,,,,,,1000000000,,,,
111,관광식당,07_24_01_P,3660000,CDFI3261042003000003,20030614,,1,영업/정상,13,영업중,,,,,487-8004,,302834,대전광역시 서구 만년동 324번지 대가빌딩 6층,"대전광역시 서구 만년로67번길 22  (만년동,대가빌딩 6층)",,블루문,2.00812E+13,I,2018-08-31 23:59,,234076.6053,318681.7762,관광식당업,관광사업,,,,,,,,,,,,,,,,,,,,,,,,,,,,,400000000,,,,
112,관광식당,07_24_01_P,3660000,CDFI3261042003000004,20030915,,1,영업/정상,13,영업중,,,,,488-7776,,302834,대전광역시 서구 만년동 363번지 1층,"대전광역시 서구 만년로68번길 31  (만년동,1층)",,친친 이탈리아노,2.00812E+13,I,2018-08-31 23:59,,234076.6936,318393.1598,관광식당업,관광사업,,,,,,,,,,,,,,,,,,,,,,,,,,,,,300000000,,,,
113,관광식당,07_24_01_P,3660000,CDFI3261042003000005,20031124,,1,영업/정상,13,영업중,,,,,483-2488,,302831,대전광역시 서구 둔산동 1439번지,대전광역시 서구 둔산중로40번길 20  (둔산동),,샤바바,2.00812E+13,I,2018-08-31 23:59,,234753.0254,316643.2668,관광식당업,관광사업,,,,,,,,,,,,,,,,,,,,,,,,,,,,,1000000000,,,,
114,관광식당,07_24_01_P,3660000,CDFI3261042004000001,20040210,,1,영업/정상,13,영업중,,,,,485-8848,,302859,대전광역시 서구 탄방동 684번지,대전광역시 서구 계룡로571번길 20  (탄방동),,그랑삐아또,2.00812E+13,I,2018-08-31 23:59,,234737.7804,315883.0761,관광식당업,관광사업,,,,,,,,,,,,,,,,,,,,,,,,,,,,,600000000,,,,
115,관광식당,07_24_01_P,3660000,CDFI3261042004000002,20041221,,1,영업/정상,13,영업중,,,,,489-2941.4,,302828,대전광역시 서구 둔산동 1026번지 정석빌딩 3층,"대전광역시 서구 대덕대로 243  (둔산동,정석빌딩 3층)",,데.바수스,2.00812E+13,I,2018-08-31 23:59,,233940.6592,317146.8342,관광식당업,관광사업,,,,,,,,,,,,,,,,,,,,,,,,,,,,,300000000,,,,
116,관광식당,07_24_01_P,3660000,CDFI3261042005000001,20051019,,1,영업/정상,13,영업중,,,,,487-7311,,302834,대전광역시 서구 만년동 346번지,대전광역시 서구 만년로68번길 15-23  (만년동),,대명가옥 만나,2.00812E+13,I,2018-08-31 23:59,,234185.1594,318503.5424,관광식당업,관광사업,,,,,,,,,,,,,,,,,,,,,,,,,,,,,50000000,,,,
117,관광식당,07_24_01_P,3660000,CDFI3261042005000002,20051122,,1,영업/정상,13,영업중,,,,,488-6100,,302829,대전광역시 서구 둔산동 1047번지,대전광역시 서구 대덕대로 187  (둔산동),,베니건스,2.00812E+13,I,2018-08-31 23:59,,233778.5472,316645.8977,관광식당업,관광사업,,,,,,,,,,,,,,,,,,,,,,,,,,,,,6846270000,,,,
118,관광식당,07_24_01_P,3660000,CDFI3261042008000001,20080117,,1,영업/정상,13,영업중,,,,,472-4572,,302829,대전광역시 서구 둔산동 1064번지,대전광역시 서구 대덕대로185번길 30  (둔산동),,샤오차이나(둔산점),2.00812E+13,I,2018-08-31 23:59,,233681.3888,316700.6202,관광식당업,관광사업,,,,,,,,,,,,,,,,,,,,,,,,,,,,,400000000,,,,
119,관광식당,07_24_01_P,3660000,CDFI3261042008000002,20080926,,1,영업/정상,13,영업중,,,,,,,302830,대전광역시 서구 둔산동 1369번지 넥서스밸리 B동 102호,"대전광역시 서구 대덕대로 246  (둔산동,넥서스밸리 B동 102호)",,인디,2.00812E+13,I,2018-08-31 23:59,,234035,317167.305,관광식당업,관광사업,,,,,,,,,,,,,,,,,,,,,,,,,,,,,,,,,
120,관광식당,07_24_01_P,3660000,CDFI3261042008000003,20081110,,1,영업/정상,13,영업중,,,,,488-3933,,302831,대전광역시 서구 둔산동 1437번지 목련빌딩 4층,"대전광역시 서구 둔산남로91번길 16  (둔산동,목련빌딩 4층)",,서태후,2.00812E+13,I,2018-08-31 23:59,,234747.9294,316604.3487,관광식당업,관광사업,,,,,,,,,,,,,,,,,,,,,,,,,,,,,,,,,
121,관광식당,07_24_01_P,3660000,CDFI3261041998000001,19981109,,1,영업/정상,13,영업중,,,,,472-2022,,302828,대전광역시 서구 둔산동 929번지,대전광역시 서구 한밭대로 809  (둔산동),,사학스카이라운지,2.00812E+13,I,2018-08-31 23:59,,234835.1896,317566.2647,관광식당업,관광사업,,,,,,,,,,,,,,,,,,,,,,,,,,,,,800000000,,,,
122,관광식당,07_24_01_P,3660000,CDFI3261042000000001,20001228,,1,영업/정상,13,영업중,,,,,477-3388,,302869,대전광역시 서구 둔산동 1176번지,대전광역시 서구 둔산로 72  (둔산동),,미스터왕,2.00812E+13,I,2018-08-31 23:59,,234203.3167,316758.8528,관광식당업,관광사업,,,,,,,,,,,,,,,,,,,,,,,,,,,,,500000000,,,,
123,관광식당,07_24_01_P,3660000,CDFI3261042001000001,20011119,,1,영업/정상,13,영업중,,,,,472-8211,,302831,대전광역시 서구 둔산동 1496번지 MB빌딩 9층,"대전광역시 서구 문예로 33  (둔산동,MB빌딩 9층)",,케니지레스토랑,2.00812E+13,I,2018-08-31 23:59,,234922.7549,316607.8523,관광식당업,관광사업,,,,,,,,,,,,,,,,,,,,,,,,,,,,,200000000,,,,
124,관광식당,07_24_01_P,3660000,CDFI3261042001000002,20011123,,1,영업/정상,13,영업중,,,,,476-7755,,302834,대전광역시 서구 만년동 323번지,대전광역시 서구 만년로67번길 18-9  (만년동),,시애틀,2.00812E+13,I,2018-08-31 23:59,,234100.185,318681.6,관광식당업,관광사업,,,,,,,,,,,,,,,,,,,,,,,,,,,,,300000000,,,,
125,관광식당,07_24_01_P,3660000,CDFI3261042001000003,20011226,,1,영업/정상,13,영업중,,,,,488-8836,,302869,대전광역시 서구 둔산동 1242번지,대전광역시 서구 문정로 19  (둔산동),,태원,2.00812E+13,I,2018-08-31 23:59,,234190.3478,316220.5963,관광식당업,관광사업,,,,,,,,,,,,,,,,,,,,,,,,,,,,,3000000000,,,,
126,관광식당,07_24_01_P,3660000,CDFI3261042002000001,20020712,,1,영업/정상,13,영업중,,,,,528-2272,,302809,대전광역시 서구 갈마동 1129-2번지,대전광역시 서구 대덕대로 137  (갈마동),,르씨엘,2.00812E+13,I,2018-08-31 23:59,,233542.7993,316191.4203,관광식당업,관광사업,,,,,,,,,,,,,,,,,,,,,,,,,,,,,120000000,,,,
127,관광식당,07_24_01_P,3660000,CDFI3261042002000002,20020110,,1,영업/정상,13,영업중,,,,,545-1877,,302811,대전광역시 서구 관저동 567-2번지,대전광역시 서구 도안대로 83  (관저동),,캐슬,2.00812E+13,I,2018-08-31 23:59,,229941.8785,312102.3104,관광식당업,관광사업,,,,,,,,,,,,,,,,,,,,,,,,,,,,,1000000000,,,,
128,관광식당,07_24_01_P,3660000,CDFI3261042002000003,20020115,,1,영업/정상,13,영업중,,,,,488-8044,,302834,대전광역시 서구 만년동 377번지,대전광역시 서구 둔산대로117번길 22  (만년동),,비아로마,2.00812E+13,I,2018-08-31 23:59,,234261.2871,318410.4067,관광식당업,관광사업,,,,,,,,,,,,,,,,,,,,,,,,,,,,,50000000,,,,
129,관광식당,07_24_01_P,3660000,CDFI3261042002000005,20020311,,1,영업/정상,13,영업중,,,,,489-1735,,302831,대전광역시 서구 둔산동 1426번지 동암빌딩 1층,"대전광역시 서구 둔산남로 95  (둔산동,동암빌딩 1층)",,오너스클럽,2.00812E+13,I,2018-08-31 23:59,,234765.9,316567.555,관광식당업,관광사업,,,,,,,,,,,,,,,,,,,,,,,,,,,,,500000000,,,,
130,관광식당,07_24_01_P,4230000,CDFI3261042010000001,20100115,,1,영업/정상,13,영업중,,,,,,,217050,강원도 속초시 청학동 482-279번지,강원도 속초시 중앙로 77  (청학동),,홍콩객잔,2.01002E+13,I,2018-08-31 23:59,,338723.5182,523276.7183,관광식당업,,,,,,,,,,,,,,,,,,,,,,,,,,,,,,,,,,
131,관광식당,07_24_01_P,4190000,CDFI3261042009000002,20090908,,1,영업/정상,13,영업중,,,,,747-8882,,,강원도 원주시 행구동 1537-6번지,강원도 원주시 행구로 259 (행구동),26454,봉선루,2.01509E+13,I,2018-08-31 23:59,,287183.4513,427277.6933,관광식당업,,,,,,,,,,,,,,,,,,,,,,,,,,,,,,,,,,
132,관광식당,07_24_01_P,4190000,CDFI3261042010000001,20101020,,1,영업/정상,13,영업중,,,,,033-765-1267,,220913,강원도 원주시 판부면 금대리 1284-1번지,강원도 원주시 판부면 치악로 1000,26504,장금성,2.01401E+13,I,2018-08-31 23:59,,288597.389,420640.3745,관광식당업,,관리지역,,기타,,,근린생활시설,1,,,,,,,,,,,,,352.06,,,,,,,,,,,,,352
133,관광식당,07_24_01_P,4190000,CDFI3261042010000002,20101020,,1,영업/정상,13,영업중,,,,,033-730-3621,,220821,강원도 원주시 지정면 월송리 1061-21번지,강원도 원주시 지정면 오크밸리1길 68,26357,한솔오크밸리사우스콘도중식당,2.01401E+13,I,2018-08-31 23:59,,272363.3934,437039.6875,관광식당업,,관리지역,,기타,,,숙박시설,1,,,,,,,,,,,,,338.1,,,,,,,,,,,,,338
134,관광식당,07_24_01_P,4190000,CDFI3261042011000001,20110201,,1,영업/정상,13,영업중,,,,,033-734-8800,,220957,강원도 원주시 일산동 209-1번지,강원도 원주시 천사로 205-3 (일산동),26417,타이하우스,2.01312E+13,I,2018-08-31 23:59,,283778.9471,428119.6791,관광식당업,,,,,,,,,,,,,,,,,,,,,,,,,,,,,,,,,,
135,관광식당,07_24_01_P,4190000,CDFI3261042011000002,20110516,,1,영업/정상,13,영업중,,,,,033-762-2888,,220934,강원도 원주시 관설동 1675-6번지,강원도 원주시 단관길 129 (관설동),26471,상하이손짜장,2.01401E+13,I,2018-08-31 23:59,,285037.5118,424675.5853,관광식당업,,,,,,,,,,,,,,,,,,,,,,,,,,,,,,,,,,
136,관광식당,07_24_01_P,4190000,CDFI3261042011000003,20111226,,1,영업/정상,13,영업중,,,,,033-735-7552,,220801,강원도 원주시 문막읍 건등리 1626-5번지,강원도 원주시 문막읍 왕건로 41-3,26368,짬뽕대장,2.01401E+13,I,2018-08-31 23:59,,273385.8534,424848.1148,관광식당업,,,,,,,,,,,,,,,,,,,,,,,,,,,,,,,,,,
137,관광식당,07_24_01_P,4190000,CDFI3261042012000001,20120817,,1,영업/정상,13,영업중,,,,,904-0790,,220050,강원도 원주시 일산동 52-16번지,강원도 원주시 무실로12번길 10 (일산동),26427,아차해,2.01301E+13,I,2018-08-31 23:59,,283980.0408,427875.0507,관광식당업,,,,,,,,,,,,,,,,,,,,,,,,,,,,,,,,,,
138,관광식당,07_24_01_P,4190000,CDFI3261042017000001,20170320,,1,영업/정상,13,영업중,,,,,033-747-4714,,,강원도 원주시 지정면 간현리 1056-14번지,강원도 원주시 지정면 소금산길 14 (우리소영농조합),26359,우리소,2.01704E+13,I,2018-08-31 23:59,,273772.1772,429504.7111,관광식당업,,,,,,,,,,,,,,,,,,,,,,,,,,,,,,,,,,
139,관광식당,07_24_01_P,3020000,CDFI3261041991000001,19910121,,1,영업/정상,13,영업중,,,,,798-5211,,140856,서울특별시 용산구 이태원동 258-7번지,서울특별시 용산구 회나무로44길 10  (이태원동),,라쿠치나(이태리식),2.00908E+13,I,2018-08-31 23:59,,199618.6858,448700.2211,관광식당업,,,,,,,,,,,,,,,,,,,,,,,,,,,,,,,,,,
140,관광식당,07_24_01_P,3000000,CDFI3261042006000001,20061123,,1,영업/정상,13,영업중,,,,,02-730-2051,,110210,서울특별시 종로구 화동 117번지,서울특별시 종로구 북촌로 31-22  (화동),,씨제이푸드(주) 에프터더레인 안국점 (정진구),2.00612E+13,I,2018-08-31 23:59,,198494.5369,453028.4541,관광식당업,관광사업,,,,,,,,,,,,,,,,,,,,,,,,,,,,,,,,,
141,관광식당,07_24_01_P,3000000,CDFI3261042009000001,20090413,,1,영업/정상,13,영업중,,,,,747-2976,,110843,서울특별시 종로구 창신동 695-1번지 3층,"서울특별시 종로구 종로 291  (창신동,3층)",,안나푸르나(Anna Purna),2.00905E+13,I,2018-08-31 23:59,,200820.4112,452168.5734,관광식당업,,,,,,,,3,,,,,,,,,,,,,,,,,,,,,,,,,,
142,관광식당,07_24_01_P,3120000,CDFI3261041997000001,19970707,,1,영업/정상,13,영업중,,,,,,,120809,서울특별시 서대문구 대현동 101-7번지,서울특별시 서대문구 신촌역로 10  (대현동),,롸이즈온(주)베니건스이대점,2.00303E+13,I,2018-08-31 23:59,,194908.9612,450597.7575,관광식당업,관광사업,,,,,,,,,,,,,,,,,,,,,,,,,,,,,,,,,
143,관광식당,07_24_01_P,3120000,CDFI3261042001000001,20010910,,1,영업/정상,13,영업중,,,,,322-7757,,120834,서울특별시 서대문구 창천동 72-14번지 캠퍼스프라자 지1층,"서울특별시 서대문구 신촌로 73  (창천동,캠퍼스프라자 지1층)",,(주)아모제마르쉐신촌점,2.00303E+13,I,2018-08-31 23:59,,194145.8925,450451.5934,관광식당업,관광사업,,,,,,,,,,,,,,,,,,,,,,,,,,,,,,,,,
144,관광식당,07_24_01_P,5590000,CDFI3261042016000001,20161116,,1,영업/정상,13,영업중,,,,,031-841-7187,,,경기도 양주시 광사동 691-2번지,경기도 양주시 고읍로 152 (광사동),11494,고구려짬뽕,2.01907E+13,I,2019-07-10 2:21,,207533.5229,476645.574,관광식당업,,,,,,,,,,,,,,,,,,,,,,,,,,,,,,,,,,
145,관광식당,07_24_01_P,5590000,CDFI3261042016000002,20161118,,1,영업/정상,13,영업중,,,,,031-857-7730,,,경기도 양주시 남면 한산리 292-4번지,경기도 양주시 남면 삼육사로404번길 8-3,11403,중원해물모듬짬뽕,2.01907E+13,I,2019-07-10 2:21,,199706.2741,489703.7233,관광식당업,,,,,,,,,,,,,,,,,,,,,,,,,,,,,,,,,,
146,관광식당,07_24_01_P,5670000,CDFI3261042007100002,20070907,,1,영업/정상,13,영업중,,,,,055-248-2527,,631060,경상남도 창원시 마산합포구 중성동 25-3,경상남도 창원시 마산합포구 3·15대로 383-4 (중성동),51283,백제령삼계탕,2.02102E+13,I,2021-07-02 0:23,,343227.6774,191118.096,관광식당업,,,,,,,,,,,,,,,,,,,,,136,,,,,,,,,,,,,136
147,관광식당,07_24_01_P,5670000,CDFI3261042007100003,20070427,,1,영업/정상,13,영업중,,,,,055-285-9751,,,경상남도 창원시 성산구 중앙동 101-2 대흥인터빌,"경상남도 창원시 성산구 중앙대로 33, 대흥인터빌 (중앙동)",51523,아웃백 중앙점,2.02102E+13,I,2021-07-02 0:23,,352432.5251,192372.6652,관광식당업,,,,,,,,,,,,,,,,,,,,,,,,,,,,,,,,,,
148,관광식당,07_24_01_P,5670000,CDFI3261042009000001,20090206,,1,영업/정상,13,영업중,,,,,055-288-3236,,,경상남도 창원시 의창구 팔용동 7 농산물도매시장,"경상남도 창원시 의창구 차상로18번길 45, 1층 1호 (팔용동)",51402,대진루,2.02111E+13,U,2021-11-27 2:40,,349022.873,193510.9608,관광식당업,,,0,,,,,0,0,0,0,,,0,0,,0,0,,0,0,,0,,,,,,,0,,,,0
149,관광식당,07_24_01_P,5670000,CDFI3261042013000001,20130227,,1,영업/정상,13,영업중,,,,,,,,경상남도 창원시 마산합포구 해운동 68 유로스퀘어,"경상남도 창원시 마산합포구 해안대로 51, 유로스퀘어 9층 (해운동)",51745,유로파크,2.02005E+13,I,2021-07-02 0:23,,342378.5799,188083.1591,관광식당업,,,,,,,,,,,,,,,,,,,,,,,,,,,,,,,,,,
150,관광식당,07_24_01_P,5670000,CDFI3261042013000002,20130418,,1,영업/정상,13,영업중,,,,,,,,경상남도 창원시 성산구 상남동 44-1 대동백화점,"경상남도 창원시 성산구 원이대로 730, 대동백화점 (상남동)",51498,푸와대동점,2.02005E+13,I,2021-07-02 0:23,,353660.8898,192440.5775,관광식당업,,,,,,,,,,,,,,,,,,,,,,,,,,,,,,,,,,
151,관광식당,07_24_01_P,5670000,CDFI3261042014000001,20140611,,1,영업/정상,13,영업중,,,,,055-600-0819,,641200,경상남도 창원시 성산구 대원동 122 1층,"경상남도 창원시 성산구 원이대로 332 (대원동, 1층)",51408,블루핀,2.02107E+13,I,2021-07-02 0:23,,350576.0561,194594.1548,관광식당업,,,,,,,,,,,,,,,,,,,,,1675.45,,,,,,,,,,,,,1675
152,관광식당,07_24_01_P,5670000,CDFI3261042015000001,20151123,,1,영업/정상,13,영업중,,,,,055-299-8365,,,경상남도 창원시 의창구 팔용동 100 드림피아,"경상남도 창원시 의창구 팔용로 428, 드림피아 204호 (팔용동)",51378,카르본&컬투,2.02102E+13,I,2021-07-02 0:23,,346705.9823,196222.1377,관광식당업,,,,,,,,,,,,,,,,,,,,,,,,,,,,,,,,,,
153,관광식당,07_24_01_P,5670000,CDFI3261042016000001,20160927,,1,영업/정상,13,영업중,,,,,055-546-2250,,,경상남도 창원시 진해구 용원동 1221-15,경상남도 창원시 진해구 용원남로 90 (용원동),51604,양자강,2.02005E+13,I,2021-07-02 0:23,,365419.5962,179452.0927,관광식당업,,,,,,,,,,,,,,,,,,,,,,,,,,,,,,,,,,
154,관광식당,07_24_01_P,5670000,CDFI3261042016000002,20161213,,1,영업/정상,13,영업중,,,,,055-276-5442,,,경상남도 창원시 성산구 반지동 78 케이프타운,"경상남도 창원시 성산구 원이대로393번길 25, 케이프타운 (반지동)",51420,금룡,2.02111E+13,U,2021-11-27 2:40,,351260.4977,194674.7012,관광식당업,,,0,,,,,0,0,0,0,,,0,0,,0,0,,0,0,,0,,,,,,,0,,,,0
155,관광식당,07_24_01_P,5670000,CDFI3261042017000001,20171201,,1,영업/정상,13,영업중,,,,,055-275-8788,,,경상남도 창원시 성산구 신월동 77-12,경상남도 창원시 성산구 신월로 90 (신월동),51441,참수타,2.02107E+13,I,2021-07-02 0:23,,354333.9085,193102.4053,관광식당업,,,,,,,,,,,,,,,,,,,,,,,,,,,,,,,,,,
156,관광식당,07_24_01_P,5670000,CDFI3261042017000002,20170703,,1,영업/정상,13,영업중,,,,,055-551-1910,,,경상남도 창원시 진해구 태평동 86-2,경상남도 창원시 진해구 태평로 103 (태평동),51684,천안문쌀짜장,2.02005E+13,I,2021-07-02 0:23,,352146.2527,184056.9562,관광식당업,,,,,,,,,,,,,,,,,,,,,,,,,,,,,,,,,,
157,관광식당,07_24_01_P,5670000,CDFI3261042017000003,20170123,,1,영업/정상,13,영업중,,,,,055-551-9876,,,경상남도 창원시 진해구 평안동 1-10,경상남도 창원시 진해구 백구로 58-1 (평안동),51676,푸름각,2.02005E+13,I,2021-07-02 0:23,,351131.2612,184693.1068,관광식당업,,,,,,,,,,,,,,,,,,,,,,,,,,,,,,,,,,
158,관광식당,07_24_01_P,5670000,CDFI3261042017000004,20170731,,1,영업/정상,13,영업중,,,,,,,,경상남도 창원시 성산구 대방동 345-6,경상남도 창원시 성산구 대암로 141 (대방동),51469,호호손짜장,2.02005E+13,I,2021-07-02 0:23,,355625.6895,191781.2434,관광식당업,,,,,,,,,,,,,,,,,,,,,,,,,,,,,,,,,,
159,관광식당,07_24_01_P,5670000,CDFI3261042018000001,20180427,,1,영업/정상,13,영업중,,,,,055-600-5818,,,경상남도 창원시 성산구 대원동 121 더시티세븐,"경상남도 창원시 성산구 원이대로 320, 더시티세븐 1층 (대원동)",51408,푸와차이나,2.02111E+13,U,2021-11-26 2:40,,350381.455,194669.2038,관광식당업,,,0,,,,,0,0,0,0,,,0,0,,0,0,,0,0,,0,,,,,,,0,,,,0
160,관광식당,07_24_01_P,5670000,CDFI3261042018000002,20180628,,1,영업/정상,13,영업중,,,,,055-267-0553,,,경상남도 창원시 성산구 신월동 45-3,"경상남도 창원시 성산구 상남로 206, 지하1층 (신월동)",51443,용봉,2.02111E+13,U,2021-11-28 2:40,,353653.8112,193612.5372,관광식당업,,,0,,,,,0,0,0,0,,,0,0,,0,0,,0,0,,0,,,,,,,0,,,,0
161,관광식당,07_24_01_P,5670000,CDFI3261042021000001,20210121,,1,영업/정상,13,영업중,,,,,055-267-5242,,,경상남도 창원시 의창구 팔용동 169-7,경상남도 창원시 의창구 남산로27번길 1 (팔용동),51368,1985금화중식당,2.02102E+13,I,2021-07-02 0:23,,346724.596,196717.0338,관광식당업,,,,,,,,,,,,,,,,,,,,,,,,,,,,,,,,,,
162,관광식당,07_24_01_P,5670000,CDFI3261042021000002,20210624,,1,영업/정상,13,영업중,,,,,,,,경상남도 창원시 성산구 상남동 5-4,경상남도 창원시 성산구 마디미로4번길 5 (상남동),51495,수금재,2.02106E+13,I,2021-07-02 0:23,,353339.5335,192928.2878,관광식당업,,,,,,,,,,,,SOOKUMJAE,TOURIST RESTAURANT(Korean Restaurant),,,,,,,,,,,,,,,,,,,,,
163,관광식당,07_24_01_P,5670000,CDFI3261042018000004,20180813,,1,영업/정상,13,영업중,,,,,055-263-6618,,,경상남도 창원시 성산구 상남동 35-4 성산명가,"경상남도 창원시 성산구 마디미로63번길 7, 성산명가 (상남동)",51503,성산명가,2.01808E+13,I,2021-07-02 0:23,,353126.3294,192401.3954,관광식당업,,,,,,,,,,,,,,,,,,,,,,,,,,,,,,,,,,
164,관광식당,07_24_01_P,5670000,CDFI3261042018000005,20180912,,1,영업/정상,13,영업중,,,,,055-212-1133,,,경상남도 창원시 성산구 대원동 123 창원컨벤션센터,"경상남도 창원시 성산구 원이대로 362, 창원컨벤션센터 (대원동)",51408,하트인세코,2.02107E+13,I,2021-07-02 0:23,,350741.1227,194512.0474,관광식당업,,,,,,,,,,,,,,,,,,,,,,,,,,,,,,,,,,
165,관광식당,07_24_01_P,5670000,CDFI3261042018000006,20181211,,1,영업/정상,13,영업중,,,,,055-299-0991,,,경상남도 창원시 의창구 북면 화천리 432-21,경상남도 창원시 의창구 북면 천주로 579,51111,삼합짬뽕,2.01906E+13,I,2021-07-02 0:23,,345500.9021,202127.5465,관광식당업,,,,,,,,,,,,,,,,,,,,,,,,,,,,,,,,,,
166,관광식당,07_24_01_P,5670000,CDFI3261042018000008,20180726,,1,영업/정상,13,영업중,,,,,055-262-0760,,,경상남도 창원시 성산구 내동 456-21 일성그라미아파트,"경상남도 창원시 성산구 연덕로184번길 23, 일성그라미아파트 (내동)",51527,어주,2.02111E+13,U,2021-11-26 2:40,,351817.4447,192273.9948,관광식당업,,,0,,,,,0,0,0,0,,,0,0,,0,0,,0,0,,0,,,,,,,0,,,,0
167,관광식당,07_24_01_P,5670000,CDFI3261042018000009,20181211,,1,영업/정상,13,영업중,,,,,,,,경상남도 창원시 성산구 신촌동 103-5,"경상남도 창원시 성산구 월림로65번길 10, 1층 (신촌동)",51568,청화관,2.02006E+13,I,2021-07-02 0:23,,349367.5165,191106.2947,관광식당업,,,,,,,,,,,,,,,,,,,,,,,,,,,,,,,,,,
168,관광식당,07_24_01_P,5670000,CDFI3261042019000001,20190207,,1,영업/정상,13,영업중,,,,,055-263-6444,,,경상남도 창원시 성산구 사파동 3 대한빌딩,"경상남도 창원시 성산구 창이대로663번길 7, 대한빌딩 1층 (사파동)",51454,중국관,2.01904E+13,I,2021-07-02 0:23,,354662.262,193163.8971,관광식당업,,,,,,,,,,,,,,,,,,,,,,,,,,,,,,,,,,
169,관광식당,07_24_01_P,5670000,CDFI3261042019000002,20190307,,1,영업/정상,13,영업중,,,,,055-288-1536,,,경상남도 창원시 의창구 사림동 24-8,경상남도 창원시 의창구 창이대로469번길 19 (사림동),51153,장독짜장,2.02111E+13,U,2021-11-24 2:40,,353556.1661,194764.2218,관광식당업,,,0,,,,,0,0,0,0,,,0,0,,0,0,,0,0,,0,,,,,,,0,,,,0
170,관광식당,07_24_01_P,5670000,CDFI3261042019000003,20190307,,1,영업/정상,13,영업중,,,,,055-244-0621,,,경상남도 창원시 마산합포구 남성동 246-1 한백마리나타운,"경상남도 창원시 마산합포구 해안대로 331, 한백마리나타운 1층 (남성동)",51721,박리다매,2.02204E+13,U,2022-04-08 2:40,,343494.6277,190294.0663,관광식당업,,,0,,,,,0,0,0,0,BAKLYDAMAE,TOURIST RESTAURANT,0,0,,0,0,,0,0,,0,,,,,,,0,,,,0
171,관광식당,07_24_01_P,5670000,CDFI3261042019000005,20190716,,1,영업/정상,13,영업중,,,,,,,,경상남도 창원시 성산구 상남동 12-5,경상남도 창원시 성산구 마디미로15번길 11 (상남동),51495,오발탄,2.02005E+13,I,2021-07-02 0:23,,353449.341,192756.4508,관광식당업,,,,,,,,,,,,,,,,,,,,,,,,,,,,,,,,,,
172,관광식당,07_24_01_P,5670000,CDFI3261042019000006,20191031,,1,영업/정상,13,영업중,,,,,,,,경상남도 창원시 성산구 상남동 31-3 트윈스2빌딩,"경상남도 창원시 성산구 마디미로64번길 7, 트윈스2빌딩 (상남동)",51503,푸와 중국관,2.02005E+13,I,2021-07-02 0:23,,352991.668,192444.834,관광식당업,,,,,,,,,,,,,,,,,,,,,,,,,,,,,,,,,,
173,관광식당,07_24_01_P,5670000,CDFI3261042020000001,20200218,,1,영업/정상,13,영업중,,,,,055-262-8181,,,경상남도 창원시 성산구 용호동 73-34 윤성빌딩,경상남도 창원시 성산구 용지로153번길 4-20 (용호동),51436,대복성,2.02107E+13,I,2021-07-02 0:23,,352994.7901,193555.2824,관광식당업,,,,,,,,,,,,,,,,,,,,,,,,,,,,,,,,,,
174,관광식당,07_24_01_P,5670000,CDFI3261042020000002,20200325,,1,영업/정상,13,영업중,,,,,,,,경상남도 창원시 성산구 중앙동 97-3 상지솔리움,"경상남도 창원시 성산구 중앙대로 75, 상지솔리움 (중앙동)",51522,칭따오 황제쟁반짜장,2.02005E+13,I,2021-07-02 0:23,,352654.9336,192703.7402,관광식당업,,,,,,,,,,,,,,,,,,,,,,,,,,,,,,,,,,
175,관광식당,07_24_01_P,5670000,CDFI3261042020000003,20200824,,1,영업/정상,13,영업중,,,,,055-293-0885,,,경상남도 창원시 의창구 팔용동 40-9,경상남도 창원시 의창구 차룡로48번길 66 (팔용동),51391,이화원,2.02008E+13,I,2021-07-02 0:23,,348597.8908,194632.5018,관광식당업,,,,,,,,,,,,,,,,,,,,,,,,,,,,,,,,,,
176,관광식당,07_24_01_P,5670000,CDFI3261042020000004,20200911,,1,영업/정상,13,영업중,,,,,055-256-9888,,,경상남도 창원시 의창구 중동 754-3,경상남도 창원시 의창구 의창대로266번길 5 (중동),51380,마차이짬뽕,2.02111E+13,U,2021-11-24 2:40,,348021.601,196909.9473,관광식당업,,,0,,,,,0,0,0,0,,,0,0,,0,0,,0,0,,0,,,,,,,0,,,,0
177,관광식당,07_24_01_P,5670000,CDFI3261042020000005,20201124,,1,영업/정상,13,영업중,,,,,055-267-5248,,,경상남도 창원시 성산구 외동 853-6 로데오가구타운,"경상남도 창원시 성산구 창원대로 840, 로데오가구타운 (외동)",51531,금화중식당,2.02012E+13,I,2021-07-02 0:23,,352946.7858,191523.8803,관광식당업,,,,,,,,,,,,,,,,,,,,,,,,,,,,,,,,,,
178,관광식당,07_24_01_P,5670000,CDFI3261042020000006,20200911,,1,영업/정상,13,영업중,,,,,,,,경상남도 창원시 진해구 석동 515-2 하늘땅,"경상남도 창원시 진해구 진해대로728번길 7, 하늘땅 (석동)",51674,하늘땅 석동본점,2.02102E+13,I,2021-07-02 0:23,,354384.6073,185737.9824,관광식당업,,,,,,,,,,,,,,,,,,,,,,,,,,,,,,,,,,
179,관광식당,07_24_01_P,5670000,CDFI3261042020000007,20201029,,1,영업/정상,13,영업중,,,,,,,,경상남도 창원시 성산구 신촌동 15-10 신촌빌딩,"경상남도 창원시 성산구 신촌로 29, 신촌빌딩 (신촌동)",51564,하림중화요리,2.02102E+13,I,2021-07-02 0:23,,348088.6489,190961.6401,관광식당업,,,,,,,,,,,,,,,,,,,,,,,,,,,,,,,,,,
180,관광식당,07_24_01_P,4820000,CDFI3261042004000001,20040719,,1,영업/정상,13,영업중,,,,,061-741-4747,,540120,전라남도 순천시 덕암동 188-46번지,,,키스(Kiss)나이트클럽,2.00707E+13,I,2018-08-31 23:59,,,,관광식당업,관광사업,일반상업지역,4,기타,,,기타,4,,,,,,,,,,,,,1981.1,,,,,,,,,,,,,1981
181,관광식당,07_24_01_P,4820000,CDFI3261042010000001,20101221,,1,영업/정상,13,영업중,,,,,061-811-0400,,540968,전라남도 순천시 조례동 1587-4번지,,,에코라운지,2.01107E+13,I,2018-08-31 23:59,,247594.7758,161803.004,관광식당업,,,,,,,,,,,,ECO Lounge,Tourist Restaurant Business,,,,,,,,,,,,,,,,,,,,,
182,관광식당,07_24_01_P,5670000,CDFI3261042022000001,20220204,,1,영업/정상,13,영업중,,,,,,,,경상남도 창원시 마산합포구 구산면 구복리 376-1,경상남도 창원시 마산합포구 구산면 해양관광로 1927-46,51783,수국정,2.02204E+13,I,2022-04-08 0:22,,342514.5402,175027.8826,관광식당업,,,0,,,,,0,0,0,0,,,0,0,,0,0,,0,0,,0,,,,,,,0,,,,0
183,관광식당,07_24_01_P,3160000,CDFI3261042007000001,20070109,,1,영업/정상,13,영업중,,,,,2085-2888,,152790,"서울특별시 구로구 구로동 212-8 대륭포스트타워1 지하 125, 126호","서울특별시 구로구 디지털로 288 (구로동, 대륭포스트타워1 지하 125, 126호)",8390,타오(중국식),2.02105E+13,U,2021-05-16 2:40,,190680.5369,442392.6453,관광식당업,관광사업,,,,,,,,,,,,,,,,,,,,,,,,,,,,,,,,,
184,관광식당,07_24_01_P,3160000,CDFI3261042007000002,20070905,,1,영업/정상,13,영업중,,,,,854-5552,,152855,서울특별시 구로구 구로동 437-1번지,서울특별시 구로구 가마산로 229 (구로동),8284,도원(중국식),2.01506E+13,I,2018-08-31 23:59,,189880.4497,443569.3526,관광식당업,관광사업,,,,,,,,,,,,,,,,,,,,,,,,,,,,,,,,,
185,관광식당,07_24_01_P,3160000,CDFI3261042008000001,20080214,,1,영업/정상,13,영업중,,,,,3439-7793,,152748,"서울특별시 구로구 신도림동 337번지 대우푸르지오 211, 212호","서울특별시 구로구 경인로 661 (신도림동, 대우푸르지오 211, 212호)",8208,상하이궁신도림점(중국식),2.01307E+13,I,2018-08-31 23:59,,190005.1325,445250.5389,관광식당업,관광사업,,,,,,,,,,,,,,,,,,,,,,,,,,,,,,,,,
186,관광식당,07_24_01_P,3160000,CDFI3261042008000005,20081229,,1,영업/정상,13,영업중,,,,,818-1414,,152715,서울특별시 구로구 구로동 573번지 애경백화점 7층,"서울특별시 구로구 구로중앙로 152, 7층 (구로동, 애경백화점)",8292,얌차이나(구로) 중국식,2.01506E+13,I,2018-08-31 23:59,,189570.3609,444336.0513,관광식당업,,,,,,팩스 02-6923-2701,,,,,,,,,,,,,,,,,,,,,,,,,,,,
187,관광식당,07_24_01_P,3160000,CDFI3261042009000001,20091012,,1,영업/정상,13,영업중,,,,,826-8009,,152743,서울특별시 구로구 구로동 197-5번지 삼성IT밸리 지층 109호,"서울특별시 구로구 디지털로33길 27, 지층 109호 (구로동, 삼성IT밸리)",8380,소용궁(중국식),2.01307E+13,I,2018-08-31 23:59,,190612.7794,442662.4219,관광식당업,,,,,,,,,,,,,,,,,,,,,,,,,,,,,,,,,,
188,관광식당,07_24_01_P,3160000,CDFI3261042010000001,20100908,,1,영업/정상,13,영업중,,,,,862-1642,,152779,"서울특별시 구로구 구로동 212-30번지 에이스트윈타워2차 지하동 104,105호","서울특별시 구로구 디지털로 273, 지하동 104,105호 (구로동, 에이스트윈타워2차)",8381,죽림(중국식),2.01506E+13,I,2018-08-31 23:59,,190565.1261,442423.3904,관광식당업,,,,,,,,,,,,,,,,,,,,,,,,,,,,,,,,,,
189,관광식당,07_24_01_P,3160000,CDFI3261042012000002,20120614,,1,영업/정상,13,영업중,,,,,2211-0740,,152888,서울특별시 구로구 신도림동 692번지 지하2층,"서울특별시 구로구 경인로 662, 지하2층 (신도림동)",8209,디큐브한식저잣거리,2.01406E+13,I,2018-08-31 23:59,,190107.0454,445157.6264,관광식당업,,,,,,"대표자-오진권,최민수",,,,,,,,,,,,,,,,,,,,,,,,,,,,
190,관광식당,07_24_01_P,3050000,CDFI3261042017000003,20170710,,1,영업/정상,13,영업중,,,,,02-2244-0008,,,서울특별시 동대문구 전농동 60-32,"서울특별시 동대문구 전농로20길 2, 1층 (전농동)",2506,신락원 제라-1-1565호,2.02201E+13,U,2022-01-29 2:40,,204981.4618,452955.6779,관광식당업,,,0,,,,,0,0,0,0,,,0,0,,0,0,,0,89.2,,0,,,,,,,0,,,,89
191,관광식당,07_24_01_P,3050000,CDFI3261042009000004,20090715,,1,영업/정상,13,영업중,,,,,926-5860,,130860,서울특별시 동대문구 제기동 137-41 1층,서울특별시 동대문구 안암로24길 4 (제기동),2473,비나레스토랑   제라1-1112(인도식,2.02201E+13,U,2022-01-29 2:40,,203046.0029,454014.5053,관광식당업,,,0,,,,근린생활시설,5,1,0,0,,,0,0,,0,0,,0,173.55,,0,,,,,,,0,,,,174
192,관광식당,07_24_01_P,3050000,CDFI3261042009000006,20090318,,1,영업/정상,13,영업중,,,,,967-9595,,130830,서울특별시 동대문구 이문동 288-23,서울특별시 동대문구 휘경로 3-8 (이문동),2419,영화장    제라1-1066,2.02201E+13,U,2022-01-29 2:40,,205310.4618,454915.9395,관광식당업,,,2,,,,근린생활시설,0,0,0,0,,,0,0,,0,0,,0,124.63,,0,,,,,,,0,,,,125
193,관광식당,07_24_01_P,3050000,CDFI3261042008000005,20080929,,1,영업/정상,13,영업중,,,,,966-7789,,130865,서울특별시 동대문구 제기동 1142-8 지하1~1층,서울특별시 동대문구 회기로8길 11 (제기동),2468,공자식탁     제라1-1010 (중국식,2.02201E+13,U,2022-01-29 2:40,,203452.1569,454291.5116,관광식당업,,,0,,,,근린생활시설,4,1,0,0,,,0,0,,0,0,,0,381.94,,0,,,,,,,0,,,,382
194,관광식당,07_24_01_P,3050000,CDFI3261042017000001,20170309,,1,영업/정상,13,영업중,,,,,,,,서울특별시 동대문구 회기동 42-74,"서울특별시 동대문구 회기로13길 22, 1층 (회기동)",2454,도원 제라1-1541호,2.02201E+13,U,2022-01-29 2:40,,204449.9149,454464.1758,관광식당업,,,0,,,서울시관광협회 신규지정통보회원2017-85호,근린생활시설,0,0,0,0,,,0,0,,0,0,,0,79.05,,0,,,,,,,0,,,,79
195,관광식당,07_24_01_P,3050000,CDFI3261042017000002,20170518,,1,영업/정상,13,영업중,,,,,,,,"서울특별시 동대문구 회기동 16-65 2,3층","서울특별시 동대문구 경희대로 3, 2,3층층 (회기동)",2454,복가주점 제라-1-1555호,2.02201E+13,U,2022-01-29 2:40,,204533.9003,454400.1778,관광식당업,,,0,,,서울시관광협회(2017-153호) 신규지정통보,식품위생시설,0,0,0,0,,,0,0,,0,0,,0,154.44,,0,,,,,,,0,,,,154
196,관광식당,07_24_01_P,3160000,CDFI3261042003000002,20030415,,1,영업/정상,13,영업중,,,,,2066-6100,,152826,서울특별시 구로구 고척동 69-34,서울특별시 구로구 경인로 398 (고척동),8275,실크로드(중국식),2.02101E+13,U,2021-01-27 2:40,,187949.089,443890.8822,관광식당업,관광사업,,,,,,,,,,,,,,,,,,,,,,,,,,,,,,,,,
197,관광식당,07_24_01_P,3160000,CDFI3261042006000001,20060911,,1,영업/정상,13,영업중,,,,,856-9245,,152801,서울특별시 구로구 가리봉동 126-60번지,서울특별시 구로구 우마길 27 (가리봉동),8387,왕중왕미식성(중국식),2.0131E+13,I,2018-08-31 23:59,,190115.7737,442066.282,관광식당업,관광사업,,,,,,,,,,,,,,,,,,,,,,,,,,,,,,,,,
198,관광식당,07_24_01_P,5020000,CDFI3261042001000001,20010820,,1,영업/정상,13,영업중,,,,,,,790826,경상북도 포항시 남구 대잠동 780-177번지,경상북도 포항시 남구 행복길75번길 11  (대잠동),,일폰테,2.00704E+13,I,2018-08-31 23:59,,410402.1405,281868.2114,관광식당업,관광사업,,,,,,,,,,,,,,,,,,,,,,,,,,,,,,,,,
199,관광식당,07_24_01_P,5020000,CDFI3261042003000001,20030616,,1,영업/정상,13,영업중,,,,,,,791844,경상북도 포항시 북구 죽도동 641-9번지,경상북도 포항시 북구 중흥로 187  (죽도동),,블루오션,2.00704E+13,I,2018-08-31 23:59,,412333.3304,282624.3718,관광식당업,관광사업,,,,,,,,,,,,,,,,,,,,,,,,,,,,,,,,,
200,관광식당,07_24_01_P,5090000,CDFI3261042018000001,20181210,,1,영업/정상,13,영업중,,,,,054-635-5957,,,경상북도 영주시 풍기읍 산법리 597-11번지,경상북도 영주시 풍기읍 동양대로 107-4,36040,신차이나,2.02001E+13,I,2020-01-12 0:23,,336636.8529,376378.1636,관광식당업,,,,,,,,,,,,,,,,,,,,,,,,,,,,,,,,,,
201,관광식당,07_24_01_P,5670000,CDFI3261042021000005,20211213,,1,영업/정상,13,영업중,,,,,055-275-4680,,,경상남도 창원시 성산구 성산동 77-1 SK테크노파크 넥스동 111호,"경상남도 창원시 성산구 완암로 50, SK테크노파크 넥스동 111호 (성산동)",51573,천안문1호점,2.02112E+13,I,2021-12-23 0:22,,351434.3546,190869.6417,관광식당업,,,0,,,,,0,0,0,0,Cheonanmun First Restaurant,TOURIST RESTAURANT(Chinese Restaurant),0,0,,0,0,,0,0,,0,,,,,,,0,,,,0
202,관광식당,07_24_01_P,5670000,CDFI3261042021000006,20211215,,1,영업/정상,13,영업중,,,,,055-267-1910,,,경상남도 창원시 성산구 천선동 1157 조광하우젠 아파트 지하103호,"경상남도 창원시 성산구 안민로159번길 10, 지하103호 (천선동, 조광하우젠 아파트)",51548,천안문옛날짜장,2.02206E+13,U,2022-06-16 2:40,,354189.0589,188740.4139,관광식당업,,,0,,,,,0,0,0,0,Cheonanmun The Past Jajang,TOURIST RESTAURANT(Chinese Restaurant),0,0,,0,0,,0,0,,0,,,,,,,0,,,,0
203,관광식당,07_24_01_P,3900000,CDFI3261042018000001,20180306,,1,영업/정상,13,영업중,,,,,220660977,,,경기도 광명시 철산동 463-38 힐팰리스,"경기도 광명시 시청로 15, 지하층 (철산동, 힐팰리스)",14216,명품,2.02112E+13,I,2021-12-15 0:22,,187860.6495,441805.3824,관광식당업,,,0,,,,,0,0,0,0,,,0,0,,0,0,,0,0,,0,,,,,,,0,,,,0
204,관광식당,07_24_01_P,3900000,CDFI3261042020000001,20200520,,1,영업/정상,13,영업중,,,,,02-899-8333,,,경기도 광명시 일직동 508-4,"경기도 광명시 일직로12번길 24, 201호 (일직동)",14344,(주)오르세움 민티엔,2.02112E+13,I,2021-12-15 0:22,,189471.1008,435426.4353,관광식당업,,,0,,,,,0,0,0,0,,,0,0,,0,0,,0,0,,0,,,,,,,0,,,,0
205,관광식당,07_24_01_P,3660000,CDFI3261042002000004,20020115,,1,영업/정상,13,영업중,,,,,482-9114,,302834,대전광역시 서구 만년동 284번지,대전광역시 서구 대덕대로 370  (만년동),,육미대가,2.00812E+13,I,2018-08-31 23:59,,234030.9292,318410.3825,관광식당업,관광사업,,,,,,,,,,,,,,,,,,,,,,,,,,,,,1000000000,,,,
206,관광식당,07_24_01_P,3660000,CDFI3261042007000002,20070511,,1,영업/정상,13,영업중,,,,,487-3388,,302831,대전광역시 서구 둔산동 1455번지,대전광역시 서구 둔산로 125  (둔산동),,이금당,2.00812E+13,I,2018-08-31 23:59,,234753.2879,316820.3309,관광식당업,관광사업,,,,,,,,,,,,,,,,,,,,,,,,,,,,,800000000,,,,
207,관광식당,07_24_01_P,3900000,CDFI3261042008000002,20081104,,1,영업/정상,13,영업중,,,,,02-899-9296,,423844,경기도 광명시 하안동 339-15,경기도 광명시 범안로 949 (하안동),14259,하림성,2.02112E+13,U,2021-12-14 2:40,,188454.0233,439455.4652,관광식당업,관광사업,,1,,,,,0,0,0,0,,,0,0,,0,0,,0,150,,0,,,,,,,0,,,,150
208,관광식당,07_24_01_P,3900000,CDFI3261042009000001,20091015,,1,영업/정상,13,영업중,,,,,,,423060,경기도 광명시 하안동 35-6번지,경기도 광명시 하안로287번길 15-1 (하안동),14305,타오,2.01112E+13,I,2018-08-31 23:59,,189220.3733,439847.7241,관광식당업,,,,,,,,,,,,,,,,,,,,,,,,,,,,,,,,,,
209,관광식당,07_24_01_P,3220000,CDFI3261041996000001,19961028,,1,영업/정상,13,영업중,,,,,517-5007,,135011,서울특별시 강남구 논현동 94번지,서울특별시 강남구 도산대로 334  (논현동),,(주)바른손 베니건스 압구정점,2.01107E+13,I,2018-08-31 23:59,,203336.8215,446708.4039,관광식당업,,,,,,,,,,,,,,,,,,,,,,,,,,,,,,,,,,
210,관광식당,07_24_01_P,3220000,CDFI3261042007000009,20070118,,1,영업/정상,13,영업중,,,,,541-1461,,135896,"서울특별시 강남구 신사동 645-18번지 1,2층","서울특별시 강남구 언주로168길 24  (신사동,1,2층)",,젠하이더웨이,2.01112E+13,I,2018-08-31 23:59,,203074.592,447086.2628,관광식당업,,,,,,,,,,,,,,,,,,,,,,,,,,,,,,,,,,
211,관광식당,07_24_01_P,3220000,CDFI3261042007000010,20070607,,1,영업/정상,13,영업중,,,,,02-516-4808,,135952,서울특별시 강남구 청담동 52-8번지 지상1층,"서울특별시 강남구 도산대로94길 33 (청담동,지상1층)",,중화요리첸,2.01509E+13,I,2018-08-31 23:59,,204600.021,446887.2109,관광식당업,,,,,,,,,,,,,,,,,,,,,,,,,,,,,,,,,,
212,관광식당,07_24_01_P,3220000,CDFI3261042007000011,20071024,,1,영업/정상,13,영업중,,,,,566-8090,,135919,서울특별시 강남구 역삼동 708-33번지 파라다이스빌딩 지하1층 101호,"서울특별시 강남구 테헤란로52길 21  (역삼동,파라다이스빌딩 지하1층 101호)",,티엔티엔,2.01112E+13,I,2018-08-31 23:59,,204222.8929,444524.8227,관광식당업,,,,,,,,,,,,,,,,,,,,,,,,,,,,,,,,,,
213,관광식당,07_24_01_P,3220000,CDFI3261042007000012,20070313,,1,영업/정상,13,영업중,,,,,3445-8867,,135950,서울특별시 강남구 청담동 22-16번지 1층,"서울특별시 강남구 선릉로146길 15  (청담동,1층)",,폴,2.01112E+13,I,2018-08-31 23:59,,203550.0644,446655.0422,관광식당업,,,,,,,,,,,,,,,,,,,,,,,,,,,,,,,,,,
214,관광식당,07_24_01_P,3220000,CDFI3261042008000001,20081112,,1,영업/정상,13,영업중,,,,,02-3444-0770,,135517,서울특별시 강남구 청담동 96-6번지 1층,"서울특별시 강남구 도산대로75길 19  (청담동,1층)",,(주)가배전문점,2.01107E+13,I,2018-08-31 23:59,,203958.6874,447021.6958,관광식당업,,,,,,,,,,,,,,,,,,,,,,,,,,,,,,,,,,
215,관광식당,07_24_01_P,3220000,CDFI3261042008000002,20080516,,1,영업/정상,13,영업중,,,,,542-4073,,135954,서울특별시 강남구 청담동 83-18번지,서울특별시 강남구 압구정로60길 22  (청담동),,(주)파리크라상 퀸스파크 청담점,2.01107E+13,I,2018-08-31 23:59,,203608.2896,447076.6433,관광식당업,,,,,,,,,,,,,,,,,,,,,,,,,,,,,,,,,,
216,관광식당,07_24_01_P,3220000,CDFI3261042008000003,20080725,,1,영업/정상,13,영업중,,,,,3454-0022,,135871,서울특별시 강남구 삼성동 78번지 삼안빌딩 1층,"서울특별시 강남구 영동대로 648  (삼성동,삼안빌딩 1층)",,78온더라이즈,2.01107E+13,I,2018-08-31 23:59,,205033.0113,446418.5808,관광식당업,,,,,,,,,,,,,,,,,,,,,,,,,,,,,,,,,,
217,관광식당,07_24_01_P,3220000,CDFI3261042008000006,20080715,,1,영업/정상,13,영업중,,,,,565-7442,,135911,서울특별시 강남구 역삼동 647-11번지 동영빌딩 지상 1층,"서울특별시 강남구 테헤란로13길 8-10  (역삼동,동영빌딩 지상 1층)",,그릴아지사이,2.01112E+13,I,2018-08-31 23:59,,202870.0805,444238.9181,관광식당업,,,,,,,,,,,,,,,,,,,,,,,,,,,,,,,,,,
218,관광식당,07_24_01_P,3220000,CDFI3261042008000008,20080305,,1,영업/정상,13,영업중,,,,,577-0913,,135860,서울특별시 강남구 도곡동 953-1번지 지하1층 B107호,"서울특별시 강남구 강남대로 240  (도곡동,지하1층 B107호)",,란나타이(양재점),2.01112E+13,I,2018-08-31 23:59,,202973.006,442568.8789,관광식당업,,,,,,,,,,,,,,,,,,,,,,,,,,,,,,,,,,
219,관광식당,07_24_01_P,3220000,CDFI3261042008000010,20080922,,1,영업/정상,13,영업중,,,,,02-565-7454,,135925,서울특별시 강남구 역삼동 746-12번지,서울특별시 강남구 논현로77길 3  (역삼동),,첸,2.01112E+13,I,2018-08-31 23:59,,203313.7296,443862.5585,관광식당업,,,,,,,,,,,,,,,,,,,,,,,,,,,,,,,,,,
220,관광식당,07_24_01_P,3220000,CDFI3261042008000012,20081020,,1,영업/정상,13,영업중,,,,,565-8887,,135854,서울특별시 강남구 도곡동 518-7번지 1층,"서울특별시 강남구 논현로30길 6  (도곡동,1층)",,팔장선원,2.01112E+13,I,2018-08-31 23:59,,203746.6684,442299.7795,관광식당업,,,,,,,,,,,,,,,,,,,,,,,,,,,,,,,,,,
221,관광식당,07_24_01_P,3220000,CDFI3261042007000002,20070313,,1,영업/정상,13,영업중,,,,,547-7444,,135950,서울특별시 강남구 청담동 22-12번지 1층,"서울특별시 강남구 도산대로58길 14  (청담동,1층)",,(주)이닝,2.01107E+13,I,2018-08-31 23:59,,203579.8753,446686.7039,관광식당업,,,,,,,,,,,,,,,,,,,,,,,,,,,,,,,,,,
222,관광식당,07_24_01_P,3220000,CDFI3261042009000005,20090810,,1,영업/정상,13,영업중,,,,,517-0108,,135957,서울특별시 강남구 청담동 127-19번지 지상1층,"서울특별시 강남구 도산대로101길 9  (청담동,지상1층)",,도쿄 사이카보,2.01112E+13,I,2018-08-31 23:59,,204564.6771,447060.1763,관광식당업,,,,,,,,,,,,,,,,,,,,,,,,,,,,,,,,,,
223,관광식당,07_24_01_P,3220000,CDFI3261042009000006,20090423,,1,영업/정상,13,영업중,,,,,512-0830,,135892,서울특별시 강남구 신사동 580-5번지 지하1층,"서울특별시 강남구 논현로175길 6  (신사동,지하1층)",,드마리,2.01112E+13,I,2018-08-31 23:59,,202384.1769,447119.9383,관광식당업,,,,,,,,,,,,,,,,,,,,,,,,,,,,,,,,,,
224,관광식당,07_24_01_P,3220000,CDFI3261042009000010,20090319,,1,영업/정상,13,영업중,,,,,02-3449-5864,,135724,서울특별시 강남구 압구정동 현대백화점 본점 5층,,,크리스탈제이드상하이딜라이트,2.01112E+13,I,2018-08-31 23:59,,,,관광식당업,,,,,,,,,,,,,,,,,,,,,,,,,,,,,,,,,,
225,관광식당,07_24_01_P,3220000,CDFI3261042009000011,20090720,,1,영업/정상,13,영업중,,,,,02-3446-7990,,135517,서울특별시 강남구 청담동 99-12번지 2층,"서울특별시 강남구 도산대로75길 14  (청담동,2층)",,키라,2.01112E+13,I,2018-08-31 23:59,,204002.5548,446993.5243,관광식당업,,,,,,,,,,,,,,,,,,,,,,,,,,,,,,,,,,
226,관광식당,07_24_01_P,3220000,CDFI3261042011000001,20110303,,1,영업/정상,13,영업중,,,,,544-6336,,135819,서울특별시 강남구 논현동 99-7번지 지상1층,"서울특별시 강남구 선릉로145길 13  (논현동,지상1층)",,대가방본점,2.01112E+13,I,2018-08-31 23:59,,203336.5853,446550.9413,관광식당업,,,,,,,,,,,,,,,,,,,,,,,,,,,,,,,,,,
227,관광식당,07_24_01_P,3220000,CDFI3261042011000002,20110411,,1,영업/정상,13,영업중,,,,,545-6154,,135893,서울특별시 강남구 신사동 601-3번지 동우빌딩 지상1층,"서울특별시 강남구 논현로168길 25  (신사동,동우빌딩 지상1층)",,일일향,2.01112E+13,I,2018-08-31 23:59,,202613.4588,446843.0225,관광식당업,,,,,,,,,,,,,,,,,,,,,,,,,,,,,,,,,,
228,관광식당,07_24_01_P,3220000,CDFI3261042010000003,20101206,,1,영업/정상,13,영업중,,,,,2112-3883,,135984,서울특별시 강남구 역삼동 강남파이낸스센터 지하2층,,,(주)토마틸로지에프씨,2.01107E+13,I,2018-08-31 23:59,,,,관광식당업,,,,,,,,,,,,,,,,,,,,,,,,,,,,,,,,,,
229,관광식당,07_24_01_P,3220000,CDFI3261042009000001,20091116,,1,영업/정상,13,영업중,,,,,3442-4451,,,서울특별시 강남구 청담동 2-10번지 남강빌딩 지하 1층,"서울특별시 강남구 도산대로 412 (청담동, 남강빌딩)",6062,(주)일본요리점 청산,2.01508E+13,I,2018-08-31 23:59,,203528.8893,446748.0796,관광식당업,,,,,,,,,,,,,,,,,,,,,,,,,,,,,,,,,,
230,관광식당,07_24_01_P,3220000,CDFI3261042010000005,20100812,,1,영업/정상,13,영업중,,,,,545-1330,,135896,서울특별시 강남구 신사동 645-1번지 히든하우스 1층,"서울특별시 강남구 언주로168길 16  (신사동,히든하우스 1층)",,그라노,2.01112E+13,I,2018-08-31 23:59,,203018.0304,447101.9635,관광식당업,,,,,,,,,,,,,,,,,,,,,,,,,,,,,,,,,,
231,관광식당,07_24_01_P,3220000,CDFI3261042007000004,20070802,,1,영업/정상,13,영업중,,,,,541-7663,,135830,서울특별시 강남구 논현동 240-14번지 1층,"서울특별시 강남구 선릉로129길 24  (논현동,1층)",,공리(논현점),2.01112E+13,I,2018-08-31 23:59,,203422.6835,445985.246,관광식당업,,,,,,,,,,,,,,,,,,,,,,,,,,,,,,,,,,
232,관광식당,07_24_01_P,3220000,CDFI3261042007000007,20070509,,1,영업/정상,13,영업중,,,,,573-2267,,135964,서울특별시 강남구 개포동 1237-10번지 지상1층,"서울특별시 강남구 개포로20길 6  (개포동,지상1층)",,띵호아,2.01112E+13,I,2018-08-31 23:59,,204084.3982,441790.043,관광식당업,,,,,,,,,,,,,,,,,,,,,,,,,,,,,,,,,,
233,관광식당,07_24_01_P,3220000,CDFI3261042010000007,20100423,,1,영업/정상,13,영업중,,,,,3453-0936,,135840,서울특별시 강남구 대치동 899-3번지 2층,"서울특별시 강남구 역삼로63길 23  (대치동,2층)",,나베야,2.01112E+13,I,2018-08-31 23:59,,204507.4505,444500.8345,관광식당업,,,,,,,,,,,,,,,,,,,,,,,,,,,,,,,,,,
234,관광식당,07_24_01_P,3220000,CDFI3261042010000009,20100713,,1,영업/정상,13,영업중,,,,,558-0321,,135839,서울특별시 강남구 대치동 890-30번지 지하1층,"서울특별시 강남구 선릉로90길 42  (대치동,지하1층)",,더차이나,2.01112E+13,I,2018-08-31 23:59,,204582.6334,444735.2318,관광식당업,,,,,,,,,,,,,,,,,,,,,,,,,,,,,,,,,,
235,관광식당,07_24_01_P,3220000,CDFI3261042010000012,20100512,,1,영업/정상,13,영업중,,,,,549-2888,,135818,서울특별시 강남구 논현동 86-5번지,서울특별시 강남구 논현로132길 13  (논현동),,도일처(정찬우),2.01112E+13,I,2018-08-31 23:59,,202724.2143,445894.3059,관광식당업,,,,,,,,,,,,,,,,,,,,,,,,,,,,,,,,,,
236,관광식당,07_24_01_P,3220000,CDFI3261042010000016,20101221,,1,영업/정상,13,영업중,,,,,516-0210,,135895,서울특별시 강남구 신사동 627-11번지 포도빌딩 지하1층,"서울특별시 강남구 언주로 825  (신사동,포도빌딩 지하1층)",,레스토랑 호카이도,2.01112E+13,I,2018-08-31 23:59,,202823.9741,446844.0887,관광식당업,,,,,,,,,,,,,,,,,,,,,,,,,,,,,,,,,,
237,관광식당,07_24_01_P,3220000,CDFI3261042010000020,20100514,,1,영업/정상,13,영업중,,,,,02-3457-4807,,135843,서울특별시 강남구 대치동 922-23번지,서울특별시 강남구 선릉로64길 5  (대치동),,일품향(이미영),2.01112E+13,I,2018-08-31 23:59,,204586.86,443967.2748,관광식당업,,,,,,,,,,,,,,,,,,,,,,,,,,,,,,,,,,
238,관광식당,07_24_01_P,3220000,CDFI3261042010000022,20100414,,1,영업/정상,13,영업중,,,,,02-564-7536,,135281,서울특별시 강남구 대치동 1021-1번지 101호,"서울특별시 강남구 도곡로 446  (대치동,101호)",,차이웍,2.01112E+13,I,2018-08-31 23:59,,205183.1717,443978.2717,관광식당업,,,,,,,,,,,,,,,,,,,,,,,,,,,,,,,,,,
239,관광식당,07_24_01_P,3220000,CDFI3261042010000024,20100825,,1,영업/정상,13,영업중,,,,,02-563-0023,,135914,서울특별시 강남구 역삼동 668-12번지,서울특별시 강남구 봉은사로30길 70  (역삼동),,청학루,2.01112E+13,I,2018-08-31 23:59,,203175.0817,444532.302,관광식당업,,,,,,,,,,,,,,,,,,,,,,,,,,,,,,,,,,
240,관광식당,07_24_01_P,3220000,CDFI3261041997000001,19971208,,1,영업/정상,13,영업중,,,,,567-8600,,135819,서울특별시 강남구 논현동 94번지,서울특별시 강남구 도산대로 334  (논현동),,(주)바른손베니건스 코엑스점,2.01107E+13,I,2018-08-31 23:59,,203336.8215,446708.4039,관광식당업,,,,,,,,,,,,,,,,,,,,,,,,,,,,,,,,,,
241,관광식당,07_24_01_P,3220000,CDFI3261042001000001,20010503,,1,영업/정상,13,영업중,,,,,3463-5292,,135860,서울특별시 강남구 도곡동 대신증권빌딩 지하 1층,,,(주)이목원 배나무골,2.01107E+13,I,2018-08-31 23:59,,,,관광식당업,,,,,,,,,,,,,,,,,,,,,,,,,,,,,,,,,,
242,관광식당,07_24_01_P,3220000,CDFI3261042003000001,20030214,,1,영업/정상,13,영업중,,,,,511-6666,,135822,서울특별시 강남구 논현동 141-3번지,서울특별시 강남구 학동로2길 11  (논현동),,(주)삼양만나취영루,2.01107E+13,I,2018-08-31 23:59,,201943.3181,445373.1683,관광식당업,,,,,,,,,,,,,,,,,,,,,,,,,,,,,,,,,,
243,관광식당,07_24_01_P,3220000,CDFI3261042004000001,20040509,,1,영업/정상,13,영업중,,,,,555-05550,,135933,서울특별시 강남구 역삼동 833번지,서울특별시 강남구 역삼로 118  (역삼동),,대려도,2.01112E+13,I,2018-08-31 23:59,,202763.1976,443461.0859,관광식당업,,,,,,,,,,,,,,,,,,,,,,,,,,,,,,,,,,
244,관광식당,07_24_01_P,3220000,CDFI3261042005000001,20050719,,1,영업/정상,13,영업중,,,,,02-3446-5547,,135517,서울특별시 강남구 청담동 92-8번지,서울특별시 강남구 도산대로 439  (청담동),,(주)뉴후론티어산업 그릴에이치,2.01107E+13,I,2018-08-31 23:59,,203799.644,446878.8401,관광식당업,,,,,,,,,,,,,,,,,,,,,,,,,,,,,,,,,,
245,관광식당,07_24_01_P,3220000,CDFI3261042005000003,20050930,,1,영업/정상,13,영업중,,,,,02-516-8837,,135888,서울특별시 강남구 신사동 525-10번지,서울특별시 강남구 논현로175길 107  (신사동),,채운,2.01112E+13,I,2018-08-31 23:59,,201771.1143,446690.1158,관광식당업,,,,,,,,,,,,,,,,,,,,,,,,,,,,,,,,,,
246,관광식당,07_24_01_P,3220000,CDFI3261042006000001,20061030,,1,영업/정상,13,영업중,,,,,565-3849,,135501,"서울특별시 강남구 대치동 991-2번지 태호빌딩 1층, 지하1층","서울특별시 강남구 도곡로 528  (대치동,태호빌딩 1층, 지하1층)",,(주)다연외식 현경,2.01107E+13,I,2018-08-31 23:59,,205601.4645,444158.9637,관광식당업,,,,,,,,,,,,,,,,,,,,,,,,,,,,,,,,,,
247,관광식당,07_24_01_P,3220000,CDFI3261042006000002,20061026,,1,영업/정상,13,영업중,,,,,3452-7500,,135880,서울특별시 강남구 삼성동 158-10번지 마젤란21아스테리움 B101-B104호,"서울특별시 강남구 테헤란로87길 17  (삼성동,마젤란21아스테리움 B101-B104호)",,(주)바른손 베니건스 테헤란로점,2.01107E+13,I,2018-08-31 23:59,,205091.7258,445178.0721,관광식당업,,,,,,,,,,,,,,,,,,,,,,,,,,,,,,,,,,
248,관광식당,07_24_01_P,3220000,CDFI3261042006000004,20060320,,1,영업/정상,13,영업중,,,,,549-6858,,135818,서울특별시 강남구 논현동 83-20번지,서울특별시 강남구 학동로37길 23  (논현동),,가향,2.01107E+13,I,2018-08-31 23:59,,202962.7719,446064.8522,관광식당업,,,,,,,,,,,,,,,,,,,,,,,,,,,,,,,,,,
249,관광식당,07_24_01_P,3220000,CDFI3261042006000005,20060919,,1,영업/정상,13,영업중,,,,,3468-4670,,135570,서울특별시 강남구 대치동 금강타워 지하1층,,,강가 선릉점,2.01107E+13,I,2018-08-31 23:59,,,,관광식당업,,,,,,,,,,,,,,,,,,,,,,,,,,,,,,,,,,
250,관광식당,07_24_01_P,3220000,CDFI3261042006000006,20060725,,1,영업/정상,13,영업중,,,,,562-5565,,135719,서울특별시 강남구 역삼동 아세아타워빌딩 지하1층,,,루안(아세아타워점),2.01112E+13,I,2018-08-31 23:59,,,,관광식당업,,,,,,,,,,,,,,,,,,,,,,,,,,,,,,,,,,
251,관광식당,07_24_01_P,3200000,CDFI3261042009000003,20091116,,1,영업/정상,13,영업중,,,,,830-2284,,151902,서울특별시 관악구 신림동 1643-4번지,서울특별시 관악구 시흥대로 576  (신림동),,칠룡성,2.01106E+13,I,2018-08-31 23:59,,191358.4776,442434.654,관광식당업,,,,,,,,,,,,,,,,,,,,,,,,,,,,,,,,,,
252,관광식당,07_24_01_P,3200000,CDFI3261042004000002,20040608,,1,영업/정상,13,영업중,,,,,884-4761,,151835,서울특별시 관악구 봉천동 1601-1번지,서울특별시 관악구 남부순환로 1840 (봉천동),,아웃백스테이크하우스 서울대점,2.01509E+13,I,2018-08-31 23:59,,195888.1921,442019.9997,관광식당업,,,,,,,,,,,,,,,,,,,,,,,,,,,,,,,,,,
253,관광식당,07_24_01_P,3200000,CDFI3261042007000001,20070205,,1,영업/정상,13,영업중,,,,,875-2224,,151057,서울특별시 관악구 봉천동 1598-21번지,서울특별시 관악구 관악로 146  (봉천동),,만리장성,2.01106E+13,I,2018-08-31 23:59,,195734.7399,441790.6418,관광식당업,,,,,,,,,,,,,,,,,,,,,,,,,,,,,,,,,,
254,관광식당,07_24_01_P,3200000,CDFI3261042008000003,20080801,,1,영업/정상,13,영업중,,,,,877-1272,,151891,서울특별시 관악구 신림동 1430-11번지,서울특별시 관악구 신림동길 4  (신림동),,아리차이,2.01106E+13,I,2018-08-31 23:59,,193586.3468,442834.5469,관광식당업,,,,,,,,,,,,,,,,,,,,,,,,,,,,,,,,,,
255,관광식당,07_24_01_P,3200000,CDFI3261042016000001,20160502,,1,영업/정상,13,영업중,,,,,070-4521-9421,,,서울특별시 관악구 봉천동 1604-1번지 1층,"서울특별시 관악구 관악로14길 22, 1층 (봉천동)",8788,라꼬미다데수다메리카,2.01605E+13,I,2018-08-31 23:59,,195840.8235,441869.8436,관광식당업,,,,,,,,,,,,,,,,,,,,,,,,,,,,,,,,,,
256,관광식당,07_24_01_P,3200000,CDFI3261042016000002,20160620,,1,영업/정상,13,영업중,,,,,,,,서울특별시 관악구 봉천동 1625-29번지 2층,"서울특별시 관악구 낙성대로 16, 2층 (봉천동, 낙성대빌딩)",8790,China 唐(차이나당),2.01606E+13,I,2018-08-31 23:59,,196285.2952,441657.9605,관광식당업,,일반주거지역,4,주택가주변,,,근린생활시설,2,,,,,,,,,,,,,164.5,,,,,,,,,,,,,165
257,관광식당,07_24_01_P,3100000,CDFI3261042008000003,20080909,,1,영업/정상,13,영업중,,,,,975-8313,,139801,서울특별시 노원구 공릉동 312-24번지,서울특별시 노원구 동일로191가길 73 (공릉동),,味차이,2.01303E+13,I,2018-08-31 23:59,,206132.9098,458436.6553,관광식당업,관광사업,,,,,,,,,,,,,,,,,,,,,,,,,,,,,,,,,
258,관광식당,07_24_01_P,3100000,CDFI3261042008000001,20080626,,1,영업/정상,13,영업중,,,,,02-2653-8315,,139837,서울특별시 노원구 상계동 1117-16번지,서울특별시 노원구 동일로242가길 22  (상계동),,천객가 수락산역점,2.00807E+13,I,2018-08-31 23:59,,204875.0468,463829.1098,관광식당업,관광사업,,,,,,,,,,,,,,,,,,,,,,,,,,,,,,,,,
259,관광식당,07_24_01_P,3100000,CDFI3261042008000002,20080825,,1,영업/정상,13,영업중,,,,,936-3969,,139818,서울특별시 노원구 상계동 389-683번지,서울특별시 노원구 상계로27길 7  (상계동),,천지천(Chun Ji Chun),2.00808E+13,I,2018-08-31 23:59,,206161.1846,461838.485,관광식당업,관광사업,,,,,,,,,,,,,,,,,,,,,,,,,,,,,,,,,
260,관광식당,07_24_01_P,3220000,CDFI3261042010000010,20100630,,1,영업/정상,13,영업중,,,,,2127-9835,,135896,서울특별시 강남구 신사동 646-2번지 지상1층,"서울특별시 강남구 언주로164길 29  (신사동,지상1층)",,더키친살바토레쿠오모압구정점,2.01112E+13,I,2018-08-31 23:59,,203114.5821,447047.1112,관광식당업,,,,,,,,,,,,,,,,,,,,,,,,,,,,,,,,,,
261,관광식당,07_24_01_P,3020000,CDFI3261042008000011,20080611,,1,영업/정상,13,영업중,,,,,3785-1555,,140858,서울특별시 용산구 이태원동 116-14번지 지상2층,"서울특별시 용산구 이태원로27가길 52  (이태원동,지상2층)",,젤렌,2.00908E+13,I,2018-08-31 23:59,,199250.4279,448098.7581,관광식당업,,,,,,,,,,,,,,,,,,,,,,,,,,,,,,,,,,
262,관광식당,07_24_01_P,5670000,CDFI3261042021000004,20211001,,1,영업/정상,13,영업중,,,,,055-285-8488,,,경상남도 창원시 성산구 신월동 39-4,경상남도 창원시 성산구 상남로 224-1 (신월동),51440,남해일식,2.0211E+13,I,2021-10-07 0:22,,353761.715,193771.7575,관광식당업,,,0,,,,,0,0,0,0,Namhaeilsik,TOURIST RESTAURANG(Japanese Restaurant),0,0,,0,0,,0,0,,0,,,,,,,0,,,,0
263,관광식당,07_24_01_P,3780000,CDFI3261042003000001,20030204,,1,영업/정상,13,영업중,,,,,712-4364,,463874,경기도 성남시 분당구 정자동 60번지,경기도 성남시 분당구 내정로107번길 2  (정자동),,(주)코코스정자점,2.00302E+13,I,2018-08-31 23:59,,210072.3102,429767.3929,관광식당업,관광사업,,,,,,,,,,,,,,,,,,,,,,,,,,,,,,,,,
264,관광식당,07_24_01_P,3780000,CDFI3261042003000002,20030204,,1,영업/정상,13,영업중,,,,,,,461210,경기도 성남시 수정구 창곡동 195-5번지,,,태국정통요리,2.00302E+13,I,2018-08-31 23:59,,,,관광식당업,관광사업,,,,,,,,,,,,,,,,,,,,,,,,,,,,,,,,,
265,관광식당,07_24_01_P,3780000,CDFI3261042003000003,20030204,,1,영업/정상,13,영업중,,,,,707-7755,,463824,경기도 성남시 분당구 서현동 263번지,,,아모제마르쉐분당점,2.00302E+13,I,2018-08-31 23:59,,210853.8335,431447.8581,관광식당업,관광사업,,,,,,,,,,,,,,,,,,,,,,,,,,,,,,,,,
266,관광식당,07_24_01_P,3780000,CDFI3261042003000004,20030204,,1,영업/정상,13,영업중,,,,,,,463832,경기도 성남시 분당구 분당동 98-3번지,경기도 성남시 분당구 서현로 435  (분당동),,코코마리,2.00302E+13,I,2018-08-31 23:59,,212779.0203,430249.1114,관광식당업,관광사업,,,,,,,,,,,,,,,,,,,,,,,,,,,,,,,,,
267,관광식당,07_24_01_P,3780000,CDFI3261042003000005,20030204,,1,영업/정상,13,영업중,,,,,,,463820,경기도 성남시 분당구 서현동 27-2번지,,,만다린,2.00302E+13,I,2018-08-31 23:59,,212408.1684,431332.08,관광식당업,관광사업,,,,,,,,,,,,,,,,,,,,,,,,,,,,,,,,,
268,관광식당,07_24_01_P,3780000,CDFI3261042003000006,20030204,,1,영업/정상,13,영업중,,,,,797-8192,,463040,경기도 성남시 분당구 율동 111-5번지,경기도 성남시 분당구 문정로148번길 9  (율동),,탈리,2.00302E+13,I,2018-08-31 23:59,,213343.7864,431286.6315,관광식당업,관광사업,,,,,,,,,,,,,,,,,,,,,,,,,,,,,,,,,
269,관광식당,07_24_01_P,3780000,CDFI3261042003000007,20030204,,1,영업/정상,13,영업중,,,,,,,463823,경기도 성남시 분당구 서현동 97-3번지,경기도 성남시 분당구 서현로321번길 10  (서현동),,티지아이프라이분당점,2.00302E+13,I,2018-08-31 23:59,,211985.7102,430892.8474,관광식당업,관광사업,,,,,,,,,,,,,,,,,,,,,,,,,,,,,,,,,
270,관광식당,07_24_01_P,4020000,CDFI3261042010000003,20100419,,1,영업/정상,13,영업중,,,,,031-427-9881,,,경기도 군포시 산본동 1026-30번지,"경기도 군포시 엘에스로 175 (산본동, 에스에이타워)",15808,이향원,2.01508E+13,I,2018-08-31 23:59,,194903.5935,430365.2634,관광식당업,,,,,,,,,,,,,,,,,,,,,,,,,,,,,,,,,,
271,관광식당,07_24_01_P,4020000,CDFI3261042010000004,20101102,,1,영업/정상,13,영업중,,,,,031-392-2203,,,"경기도 군포시 산본동 1136번지 한솔프라자 401,402호","경기도 군포시 산본로323번길 16-31 (산본동, 한솔프라자)",15865,긴자인도레스토랑,2.01508E+13,I,2018-08-31 23:59,,193818.6445,428674.5094,관광식당업,,중심상업지역,,,,,,8,3,,,,,,,,,,,,,,,,,,,,,,,,,
272,관광식당,07_24_01_P,4020000,CDFI3261042018000001,20180320,,1,영업/정상,13,영업중,,,,,031-392-3922,,,경기도 군포시 산본동 1125번지 현대코아텔,"경기도 군포시 산본로 341, 현대코아텔 207, 208호 (산본동)",15865,윤쉐프의 짬뽕데이 산본점,2.01803E+13,I,2018-08-31 23:59,,193939.7461,428761.0118,관광식당업,,,,,,,,,,,,,,,,,,,,,,,,,,,,,,,,,,
273,관광식당,07_24_01_P,4020000,CDFI3261042010000002,20100325,,1,영업/정상,13,영업중,,,,,031-391-3666,,,경기도 군포시 산본동 1131-1번지 미성빌딩 201호,"경기도 군포시 산본로323번길 4-21 (산본동, 미성빌딩)",15865,산동성,2.01508E+13,I,2018-08-31 23:59,,193940.066,428691.6117,관광식당업,,중심상업지역,10,기타,,,근린생활시설,9,1,,,,,,,,,,,,140,,,,,,,,,,,,,140
274,관광식당,07_24_01_P,3860000,CDFI3261042003000002,20030729,,1,영업/정상,13,영업중,,,,,327-2571,,420862,경기도 부천시 상동 535-8번지,,,아웃백스테이크하우스 상동점,2.01607E+13,I,2018-08-31 23:59,,178256.0783,444929.0568,관광식당업,관광사업,,,,,,,,,,,,,,,,,,,,,,,,,,,,,,,,,
275,관광식당,07_24_01_P,3860000,CDFI3261042005000001,20050615,,1,영업/정상,13,영업중,,,,,662-5075,,420822,경기도 부천시 심곡동 162-27번지,,,안나프르나,2.01607E+13,I,2018-08-31 23:59,,180873.855,442903.6791,관광식당업,관광사업,,,,,,,,,,,,,,,,,,,,,,,,,,,,,,,,,
276,관광식당,07_24_01_P,4020000,CDFI3261042009000001,20090316,,1,영업/정상,13,영업중,,,,,031-399-6622,,,경기도 군포시 산본동 1129번지 2층,"경기도 군포시 산본로323번길 4-7 (산본동, 청우빌딩)",15865,북경,2.01508E+13,I,2018-08-31 23:59,,193982.576,428627.8565,관광식당업,,중심상업지역,,기타,,,,,,,,,,,,,,,,,261.69,,,,,,,,,,,,,262
277,관광식당,07_24_01_P,4020000,CDFI3261042010000001,20100212,,1,영업/정상,13,영업중,,,,,031-393-0806,,,경기도 군포시 산본동 1151-10번지 국제교육센터 203호,"경기도 군포시 수리산로 112 (산본동, 군포국제교육센터)",15823,아향,2.01508E+13,I,2018-08-31 23:59,,192718.8086,428539.5473,관광식당업,,,,기타,,,,,,,,,,,,,,,,,372.9,,,,,,,,,,,,,373
278,관광식당,07_24_01_P,3240000,CDFI3261042017000001,20170918,,1,영업/정상,13,영업중,,,,,,,,서울특별시 강동구 천호동 427-3번지,"서울특별시 강동구 올림픽로 660, 지하1층 (천호동, 천호엘크루주상복합)",5328,아웃백스테이크하우스 천호점,2.01709E+13,I,2018-08-31 23:59,,210935.0386,448663.4805,관광식당업,,,,,,,,,,,,,,,,,,,,,,,,,,,,,,,,,,
279,관광식당,07_24_01_P,4020000,CDFI3261042018000002,20180821,,1,영업/정상,13,영업중,,,,,031-392-1180,,,경기도 군포시 당동 974-3번지 재우빌딩,"경기도 군포시 용호1로 10, 재우빌딩 101, 102호 (당동)",15871,베이징스토리,2.01808E+13,I,2018-08-31 23:59,,194475.3806,426840.0379,관광식당업,,,,,,,,,,,,,,,,,,,,,,,,,,,,,,,,,,
280,관광식당,07_24_01_P,5670000,CDFI3261042021000003,20210914,,1,영업/정상,13,영업중,,,,,055-262-5556,,,경상남도 창원시 성산구 용호동 73-25 신우빌딩,"경상남도 창원시 성산구 용지로153번길 4-25, 신우빌딩 (용호동)",51436,김김밥밥본점,2.02109E+13,I,2021-09-19 0:22,,352984.5259,193589.0606,관광식당업,,,0,,,,,0,0,0,0,GimGimBabBab,TOURIST RESTAURANT,0,0,,0,0,,0,116.59,,0,,,,,,,0,,,,117
281,관광식당,07_24_01_P,5350000,CDFI3261042022000005,20221207,,1,영업/정상,13,영업중,,,,,055-331-8892,,,경상남도 김해시 어방동 1104-9,경상남도 김해시 인제로51번길 6 (어방동),50930,가야마루,2.02212E+13,I,2022-12-14 0:40,,373291.4543,194339.8247,관광식당업,,,0,,,,,0,0,0,0,,,0,0,,0,0,,0,0,,0,,,,,,,0,,,,0
282,관광식당,07_24_01_P,5590000,CDFI3261042021000001,20210527,,1,영업/정상,13,영업중,,,,,031-826-4077,,,경기도 양주시 장흥면 울대리 390-2,"경기도 양주시 장흥면 호국로 550, 1층",11522,진흥관,2.02106E+13,I,2021-06-04 0:22,,197735.617,468427.8587,관광식당업,,,,,,,,,,,,,,,,,,,,,,,,,,,,,,,,,,
283,관광식당,07_24_01_P,5050000,CDFI3261042003000001,20030304,,1,영업/정상,13,영업중,,,,,(054)745-7551,,780290,경상북도 경주시 신평동 220번지,,,거구장,2.00303E+13,I,2018-08-31 23:59,,406730.3094,262428.1726,관광식당업,관광사업,상업지역,,,,,,,,,,,,,,,,,,,,,,,,,,,,,,,,
284,관광식당,07_24_01_P,5050000,CDFI3261042003000002,20030304,,1,영업/정상,13,영업중,,,,,(054)749-7727,,780080,경상북도 경주시 황남동 142-3번지,,,신라회관,2.00303E+13,I,2018-08-31 23:59,,400066.6146,261551.6986,관광식당업,관광사업,,,,,,,,,,,,,,,,,,,,,,,,,,,,,,,,,
285,관광식당,07_24_01_P,5050000,CDFI3261042003000003,20030304,,1,영업/정상,13,영업중,,,,,(054)745-0013,,780290,경상북도 경주시 신평동 391-3번지,,,베르사이유레스토랑,2.00303E+13,I,2018-08-31 23:59,,406052.394,262996.8093,관광식당업,관광사업,,,,,,,,,,,,,,,,,,,,,,,,,,,,,,,,,
286,관광식당,07_24_01_P,5050000,CDFI3261042003000004,20030304,,1,영업/정상,13,영업중,,,,,(054)773-8084,,780020,경상북도 경주시 노동동 33-3번지,,,데테라스,2.00303E+13,I,2018-08-31 23:59,,399685.2561,262452.7517,관광식당업,관광사업,,,,,,,,,,,,,,,,,,,,,,,,,,,,,,,,,
287,관광식당,07_24_01_P,4770000,CDFI3261042020000001,20200312,,1,영업/정상,13,영업중,,,,,,,,전라북도 순창군 순창읍 순화리 299,전라북도 순창군 순창읍 순창5길 28,56039,녹원,2.02009E+13,I,2020-09-27 0:23,,212625.5162,208270.4075,관광식당업,,,,,,,,,,,,,,,,,,,,,,,,,,,,,,,,,,
288,관광식당,07_24_01_P,4770000,CDFI3261042016000001,20161115,,1,영업/정상,13,영업중,,,,,,,,전라북도 순창군 순창읍 가남리 545-1,전라북도 순창군 순창읍 순창로 137,56050,궁전가든,2.02009E+13,I,2020-10-01 0:23,,212659.401,207598.05,관광식당업,,,,,,,,,,,,,,,,,,,,,,,,,,,,,,,,,,
289,관광식당,07_24_01_P,5350000,CDFI3261042022000003,20220818,,1,영업/정상,13,영업중,,,,,,,,경상남도 김해시 불암동 192-1,경상남도 김해시 김해대로 2787-19 (불암동),50829,향옥정,2.0221E+13,I,2022-10-14 0:22,,375504.1522,193193.1924,관광식당업,,,0,,,,,0,0,0,0,,,0,0,,0,0,,0,0,,0,,,,,,,0,,,,0
290,관광식당,07_24_01_P,5350000,CDFI3261042022000002,20221004,,1,영업/정상,13,영업중,,,,,055-336-0331,,,경상남도 김해시 어방동 1062-10,경상남도 김해시 분성로 545 (어방동),50820,수손짜장,2.0221E+13,I,2022-10-09 0:22,,373383.224,194618.0477,관광식당업,,,0,,,,,0,0,0,0,,,0,0,,0,0,,0,0,,0,,,,,,,0,,,,0
291,관광식당,07_24_01_P,5350000,CDFI3261042022000004,20221025,,1,영업/정상,13,영업중,,,,,055-331-3389,,,경상남도 김해시 대청동 302-3,경상남도 김해시 삼문로 6 (대청동),51004,갑오삼계탕,2.0221E+13,I,2022-10-27 0:22,,364013.3753,189549.2881,관광식당업,,,0,,,,,0,0,0,0,,,0,0,,0,0,,0,0,,0,,,,,,,0,,,,0
292,관광식당,07_24_01_P,5390000,CDFI3261042015000001,20151006,,1,영업/정상,13,영업중,,,,,055-572-0885,,,경상남도 의령군 의령읍 서동리 491-30 의령소바본점,"경상남도 의령군 의령읍 의병로18길 3-5, 의령소바본점",52149,의령소바,2.02103E+13,I,2021-03-05 0:23,,314575.055,202928.9636,관광식당업,,일반상업지역,3,,,,근린생활시설,3,0,,,,,,,,,,,,137.36,,,,,,,,,,,,,137
293,관광식당,07_24_01_P,5350000,CDFI3261042016000001,20160729,,1,영업/정상,13,영업중,,,,,,,,경상남도 김해시 외동 1264,"경상남도 김해시 김해대로 2232, 이마트 1층 (외동)",50938,(주)초마김해점,2.02103E+13,I,2021-03-09 0:23,,370364.7631,193812.2961,관광식당업,,,,,,,,,,,,,,,,,,,,,,,,,,,,,,,,,,
294,관광식당,07_24_01_P,3640000,CDFI3261041998000001,19981130,,1,영업/정상,13,영업중,,,,,042-673-8800,,300806,대전광역시 동구 가양동 451-2번지,대전광역시 동구 동서대로 1700 (가양동),34573,파라다이스 뷔페,2.01405E+13,I,2018-08-31 23:59,,239263.8824,316572.9756,관광식당업,,,,,,,,,,,,,,,,,,,,,,,,,,,,,,,,,,
295,관광식당,07_24_01_P,3640000,CDFI3261042004000001,20041014,,1,영업/정상,13,영업중,,,,,042-256-2407,,300150,대전광역시 동구 정동 36-32번지,대전광역시 동구 중앙로203번길 78 (정동),34625,태화장,2.01405E+13,I,2018-08-31 23:59,,238477.5672,314867.9328,관광식당업,,,,,,,,,,,,,,,,,,,,,,,,,,,,,,,,,,
296,관광식당,07_24_01_P,3640000,CDFI3261042011000001,20110415,,1,영업/정상,13,영업중,,,,,042-626-9295,,300835,대전광역시 동구 홍도동 97번지,대전광역시 동구 한남로 11 (홍도동),34554,차오차오,2.01405E+13,I,2018-08-31 23:59,,238241.4987,316771.3341,관광식당업,,,,,,,,,,,,,,,,,,,,,,,,,,,,,,,,,,
297,관광식당,07_24_01_P,4020000,CDFI3261042018000003,20181025,,1,영업/정상,13,영업중,,,,,031-462-1999,,,경기도 군포시 부곡동 1251-3번지,"경기도 군포시 군포첨단산업2로8번길 15, 1층 (부곡동)",15880,아향,2.0181E+13,I,2018-11-02 2:36,,194752.3374,424807.9964,관광식당업,,,,,,,,,,,,,,,,,,,,,,,,,,,,,,,,,,
298,관광식당,07_24_01_P,5670000,CDFI3261042022000003,20220707,,1,영업/정상,13,영업중,,,,,,,,경상남도 창원시 의창구 동정동 332,경상남도 창원시 의창구 동정길 57-33 (동정동),51190,(주)풍성한고을,2.02207E+13,I,2022-07-12 0:22,,346970.4366,197475.117,관광식당업,,,0,,,,,0,0,0,0,Pung seong han goeul,TOURIST RESTAURNAT(Korean Restaurnat),0,0,,0,0,,0,263.57,,0,,,,,,,0,,,,264
299,관광식당,07_24_01_P,5350000,CDFI3261042022000001,20220729,,1,영업/정상,13,영업중,,,,,055-336-6354,,,경상남도 김해시 불암동 229-34,경상남도 김해시 식만로348번길 31-1 (불암동),50937,경포장장어구이,2.02208E+13,I,2022-08-07 0:22,,374916.1493,192651.9607,관광식당업,,,0,,,,,0,0,0,0,,,0,0,,0,0,,0,0,,0,,,,,,,0,,,,0
300,관광식당,07_24_01_P,5470000,CDFI3261042008000001,20081104,,1,영업/정상,13,영업중,,,,,055-945-1940,,670807,경상남도 거창군 거창읍 상림리 888-1번지,,,비룡,2.01202E+13,I,2018-08-31 23:59,,,,관광식당업,,,,,,,,,,,,,,,,,,,,,,,,,,,,,,450000000,,,,
301,관광식당,07_24_01_P,4180000,CDFI3261042010000002,20101013,,1,영업/정상,13,영업중,,,,,262-1321,,200180,강원도 춘천시 석사동 802-2번지,강원도 춘천시 후석로 11-4  (석사동),,룽타우객잔,2.01011E+13,I,2018-08-31 23:59,,264972.0714,484067.5439,관광식당업,,,,,,,,,,,,,,,,,,,,,,,,,,,,,,,,,,
302,관광식당,07_24_01_P,4180000,CDFI3261042011000002,20110607,,1,영업/정상,13,영업중,,,,,263-5430,,200180,강원도 춘천시 석사동 796-5,강원도 춘천시 퇴계로 191 (석사동),,전성환의 옛날손짜장,2.02202E+13,U,2022-02-08 2:40,,265058.7665,484123.9031,관광식당업,,,0,,,,,1,0,0,0,,,0,0,,0,0,,0,231,,0,,,,,,,0,,,,231
303,관광식당,07_24_01_P,4180000,CDFI3261042011000003,20110607,,1,영업/정상,13,영업중,,,,,242-8397,,200042,강원도 춘천시 중앙로2가 15-1,강원도 춘천시 명동길 8 (중앙로2가),,친친,2.02202E+13,U,2022-02-08 2:40,,263928.3666,486583.4605,관광식당업,,,0,,,,,0,1,0,0,,,0,0,,0,0,,0,214.5,,0,,,,,,,0,,,,215
304,관광식당,07_24_01_P,5160000,CDFI3261042020000001,20201124,,1,영업/정상,13,영업중,,,,,054-872-2050,,,경상북도 청송군 진보면 신촌리 38-4,경상북도 청송군 진보면 신촌약수길 18,37411,신촌식당,2.02011E+13,I,2020-11-26 0:23,,,,관광식당업,,,,,,,,,,,,,,,,,,,,,,,,,,,,,,,,,,
305,관광식당,07_24_01_P,3160000,CDFI3261042020000001,20200917,,1,영업/정상,13,영업중,,,,,02-838-5454,,,서울특별시 구로구 구로동 197-17 에이스테크노타워1차,"서울특별시 구로구 디지털로31길 38-9, 에이스테크노타워1차 1층 104호 (구로동)",8376,뽕사부 구로점(중국식),2.02101E+13,I,2021-01-09 0:23,,190496.4478,442645.3306,관광식당업,,,,,,,,,,,,,,,,,,,,,,,,,,,,,,,,,,
306,관광식당,07_24_01_P,3160000,CDFI3261042020000002,20201202,,1,영업/정상,13,영업중,,,,,02-858-8666,,,서울특별시 구로구 가리봉동 89-158,"서울특별시 구로구 디지털로27길 123, 2층 (가리봉동)",8385,혜혜패스트푸드(중국식),2.02101E+13,I,2021-01-09 0:23,,189959.5806,442508.5568,관광식당업,,,,,,,,,,,,,,,,,,,,,,,,,,,,,,,,,,
307,관광식당,07_24_01_P,5670000,CDFI3261042022000002,20220602,,1,영업/정상,13,영업중,,,,,055-600-0530,,,경상남도 창원시 성산구 대원동 122 더시티세븐풀만호텔 5층,"경상남도 창원시 성산구 원이대로 332, 더시티세븐풀만호텔 5층 (대원동)",51408,만다린그랜드머큐어,2.02206E+13,I,2022-06-10 0:22,,350576.0561,194594.1548,관광식당업,,,0,,,,,0,0,0,0,MANDALIN GRANDMERCURE,TOURIST RESTAURANT(Chinese Restaurant),0,0,,0,0,,0,0,,0,,,,,,,0,,,,0
